[
{
  "model": "admin.logentry",
  "pk": 1,
  "fields": {
    "action_time": "2025-07-16T10:19:37.557Z",
    "user": 2,
    "content_type": 12,
    "object_id": "1",
    "object_repr": "suraj1111",
    "action_flag": 3,
    "change_message": ""
  }
},
{
  "model": "admin.logentry",
  "pk": 2,
  "fields": {
    "action_time": "2025-07-17T15:11:39.812Z",
    "user": 2,
    "content_type": 8,
    "object_id": "1",
    "object_repr": "who won ipl 2025?",
    "action_flag": 1,
    "change_message": "[{\"added\": {}}, {\"added\": {\"name\": \"option\", \"object\": \"RCB\"}}, {\"added\": {\"name\": \"option\", \"object\": \"PBKS\"}}]"
  }
},
{
  "model": "admin.logentry",
  "pk": 3,
  "fields": {
    "action_time": "2025-07-17T15:12:17.429Z",
    "user": 2,
    "content_type": 10,
    "object_id": "1",
    "object_repr": "who won world cup 2011?",
    "action_flag": 1,
    "change_message": "[{\"added\": {}}]"
  }
},
{
  "model": "admin.logentry",
  "pk": 4,
  "fields": {
    "action_time": "2025-07-17T15:18:31.188Z",
    "user": 2,
    "content_type": 11,
    "object_id": "1",
    "object_repr": "Attempt by siddharth2512 - Score: 25",
    "action_flag": 1,
    "change_message": "[{\"added\": {}}]"
  }
},
{
  "model": "admin.logentry",
  "pk": 5,
  "fields": {
    "action_time": "2025-07-17T15:18:47.680Z",
    "user": 2,
    "content_type": 12,
    "object_id": "4",
    "object_repr": "siddharth2512",
    "action_flag": 2,
    "change_message": "[{\"changed\": {\"fields\": [\"Staff status\", \"Superuser status\"]}}]"
  }
},
{
  "model": "admin.logentry",
  "pk": 6,
  "fields": {
    "action_time": "2025-07-17T17:48:34.124Z",
    "user": 4,
    "content_type": 8,
    "object_id": "2",
    "object_repr": "who will win test cricket match 2025",
    "action_flag": 1,
    "change_message": "[{\"added\": {}}, {\"added\": {\"name\": \"option\", \"object\": \"India\"}}, {\"added\": {\"name\": \"option\", \"object\": \"England\"}}]"
  }
},
{
  "model": "admin.logentry",
  "pk": 7,
  "fields": {
    "action_time": "2025-07-18T11:53:53.477Z",
    "user": 4,
    "content_type": 11,
    "object_id": "3",
    "object_repr": "Attempt by siddharth2512 - Score: 1",
    "action_flag": 3,
    "change_message": ""
  }
},
{
  "model": "admin.logentry",
  "pk": 8,
  "fields": {
    "action_time": "2025-07-18T11:53:53.477Z",
    "user": 4,
    "content_type": 11,
    "object_id": "2",
    "object_repr": "Attempt by siddharth2512 - Score: 1",
    "action_flag": 3,
    "change_message": ""
  }
},
{
  "model": "admin.logentry",
  "pk": 9,
  "fields": {
    "action_time": "2025-07-18T11:53:53.477Z",
    "user": 4,
    "content_type": 11,
    "object_id": "1",
    "object_repr": "Attempt by siddharth2512 - Score: 25",
    "action_flag": 3,
    "change_message": ""
  }
},
{
  "model": "admin.logentry",
  "pk": 10,
  "fields": {
    "action_time": "2025-07-18T13:20:51.259Z",
    "user": 4,
    "content_type": 11,
    "object_id": "11",
    "object_repr": "siddharth2512 - (1/1)",
    "action_flag": 3,
    "change_message": ""
  }
},
{
  "model": "admin.logentry",
  "pk": 11,
  "fields": {
    "action_time": "2025-07-18T13:20:51.259Z",
    "user": 4,
    "content_type": 11,
    "object_id": "10",
    "object_repr": "siddharth2512 - (0/0)",
    "action_flag": 3,
    "change_message": ""
  }
},
{
  "model": "admin.logentry",
  "pk": 12,
  "fields": {
    "action_time": "2025-07-18T13:20:51.259Z",
    "user": 4,
    "content_type": 11,
    "object_id": "9",
    "object_repr": "siddharth2512 - (1/0)",
    "action_flag": 3,
    "change_message": ""
  }
},
{
  "model": "admin.logentry",
  "pk": 13,
  "fields": {
    "action_time": "2025-07-18T13:20:51.259Z",
    "user": 4,
    "content_type": 11,
    "object_id": "8",
    "object_repr": "jethalal - (1/0)",
    "action_flag": 3,
    "change_message": ""
  }
},
{
  "model": "admin.logentry",
  "pk": 14,
  "fields": {
    "action_time": "2025-07-18T13:20:51.259Z",
    "user": 4,
    "content_type": 11,
    "object_id": "7",
    "object_repr": "jethalal - (1/0)",
    "action_flag": 3,
    "change_message": ""
  }
},
{
  "model": "admin.logentry",
  "pk": 15,
  "fields": {
    "action_time": "2025-07-18T13:20:51.259Z",
    "user": 4,
    "content_type": 11,
    "object_id": "6",
    "object_repr": "siddharth2512 - (1/0)",
    "action_flag": 3,
    "change_message": ""
  }
},
{
  "model": "admin.logentry",
  "pk": 16,
  "fields": {
    "action_time": "2025-07-18T13:20:51.259Z",
    "user": 4,
    "content_type": 11,
    "object_id": "5",
    "object_repr": "siddharth2512 - (1/0)",
    "action_flag": 3,
    "change_message": ""
  }
},
{
  "model": "admin.logentry",
  "pk": 17,
  "fields": {
    "action_time": "2025-07-18T13:20:51.259Z",
    "user": 4,
    "content_type": 11,
    "object_id": "4",
    "object_repr": "siddharth2512 - (1/0)",
    "action_flag": 3,
    "change_message": ""
  }
},
{
  "model": "admin.logentry",
  "pk": 18,
  "fields": {
    "action_time": "2025-07-18T13:42:12.940Z",
    "user": 4,
    "content_type": 11,
    "object_id": "24",
    "object_repr": "siddharth2512 - (1/1)",
    "action_flag": 3,
    "change_message": ""
  }
},
{
  "model": "admin.logentry",
  "pk": 19,
  "fields": {
    "action_time": "2025-07-18T13:42:12.940Z",
    "user": 4,
    "content_type": 11,
    "object_id": "23",
    "object_repr": "siddharth2512 - (1/1)",
    "action_flag": 3,
    "change_message": ""
  }
},
{
  "model": "admin.logentry",
  "pk": 20,
  "fields": {
    "action_time": "2025-07-18T13:42:12.940Z",
    "user": 4,
    "content_type": 11,
    "object_id": "22",
    "object_repr": "siddharth2512 - (1/1)",
    "action_flag": 3,
    "change_message": ""
  }
},
{
  "model": "admin.logentry",
  "pk": 21,
  "fields": {
    "action_time": "2025-07-18T13:42:12.940Z",
    "user": 4,
    "content_type": 11,
    "object_id": "21",
    "object_repr": "siddharth2512 - (1/1)",
    "action_flag": 3,
    "change_message": ""
  }
},
{
  "model": "admin.logentry",
  "pk": 22,
  "fields": {
    "action_time": "2025-07-18T13:42:12.940Z",
    "user": 4,
    "content_type": 11,
    "object_id": "20",
    "object_repr": "siddharth2512 - (1/1)",
    "action_flag": 3,
    "change_message": ""
  }
},
{
  "model": "admin.logentry",
  "pk": 23,
  "fields": {
    "action_time": "2025-07-18T13:42:12.940Z",
    "user": 4,
    "content_type": 11,
    "object_id": "19",
    "object_repr": "siddharth2512 - (1/1)",
    "action_flag": 3,
    "change_message": ""
  }
},
{
  "model": "admin.logentry",
  "pk": 24,
  "fields": {
    "action_time": "2025-07-18T13:42:12.940Z",
    "user": 4,
    "content_type": 11,
    "object_id": "18",
    "object_repr": "siddharth2512 - (1/1)",
    "action_flag": 3,
    "change_message": ""
  }
},
{
  "model": "admin.logentry",
  "pk": 25,
  "fields": {
    "action_time": "2025-07-18T13:42:12.940Z",
    "user": 4,
    "content_type": 11,
    "object_id": "17",
    "object_repr": "siddharth2512 - (1/1)",
    "action_flag": 3,
    "change_message": ""
  }
},
{
  "model": "admin.logentry",
  "pk": 26,
  "fields": {
    "action_time": "2025-07-18T13:42:12.940Z",
    "user": 4,
    "content_type": 11,
    "object_id": "16",
    "object_repr": "siddharth2512 - (1/1)",
    "action_flag": 3,
    "change_message": ""
  }
},
{
  "model": "admin.logentry",
  "pk": 27,
  "fields": {
    "action_time": "2025-07-18T13:42:12.940Z",
    "user": 4,
    "content_type": 11,
    "object_id": "15",
    "object_repr": "siddharth2512 - (1/1)",
    "action_flag": 3,
    "change_message": ""
  }
},
{
  "model": "admin.logentry",
  "pk": 28,
  "fields": {
    "action_time": "2025-07-18T13:42:12.940Z",
    "user": 4,
    "content_type": 11,
    "object_id": "14",
    "object_repr": "siddharth2512 - (1/1)",
    "action_flag": 3,
    "change_message": ""
  }
},
{
  "model": "admin.logentry",
  "pk": 29,
  "fields": {
    "action_time": "2025-07-18T13:42:12.940Z",
    "user": 4,
    "content_type": 11,
    "object_id": "13",
    "object_repr": "siddharth2512 - (1/1)",
    "action_flag": 3,
    "change_message": ""
  }
},
{
  "model": "admin.logentry",
  "pk": 30,
  "fields": {
    "action_time": "2025-07-18T13:42:12.941Z",
    "user": 4,
    "content_type": 11,
    "object_id": "12",
    "object_repr": "siddharth2512 - (1/1)",
    "action_flag": 3,
    "change_message": ""
  }
},
{
  "model": "admin.logentry",
  "pk": 31,
  "fields": {
    "action_time": "2025-07-18T14:08:53.473Z",
    "user": 4,
    "content_type": 11,
    "object_id": "29",
    "object_repr": "siddharth2512 - (1/1)",
    "action_flag": 3,
    "change_message": ""
  }
},
{
  "model": "admin.logentry",
  "pk": 32,
  "fields": {
    "action_time": "2025-07-18T14:08:53.473Z",
    "user": 4,
    "content_type": 11,
    "object_id": "28",
    "object_repr": "siddharth2512 - (1/1)",
    "action_flag": 3,
    "change_message": ""
  }
},
{
  "model": "admin.logentry",
  "pk": 33,
  "fields": {
    "action_time": "2025-07-18T14:08:53.473Z",
    "user": 4,
    "content_type": 11,
    "object_id": "27",
    "object_repr": "siddharth2512 - (1/1)",
    "action_flag": 3,
    "change_message": ""
  }
},
{
  "model": "admin.logentry",
  "pk": 34,
  "fields": {
    "action_time": "2025-07-18T14:08:53.473Z",
    "user": 4,
    "content_type": 11,
    "object_id": "26",
    "object_repr": "siddharth2512 - (1/1)",
    "action_flag": 3,
    "change_message": ""
  }
},
{
  "model": "admin.logentry",
  "pk": 35,
  "fields": {
    "action_time": "2025-07-18T14:08:53.473Z",
    "user": 4,
    "content_type": 11,
    "object_id": "25",
    "object_repr": "siddharth2512 - (1/1)",
    "action_flag": 3,
    "change_message": ""
  }
},
{
  "model": "admin.logentry",
  "pk": 36,
  "fields": {
    "action_time": "2025-07-18T15:36:52.896Z",
    "user": 4,
    "content_type": 10,
    "object_id": "2",
    "object_repr": "Who is known as the \"God of Cricket\"?",
    "action_flag": 1,
    "change_message": "[{\"added\": {}}]"
  }
},
{
  "model": "admin.logentry",
  "pk": 37,
  "fields": {
    "action_time": "2025-07-18T15:37:19.358Z",
    "user": 4,
    "content_type": 10,
    "object_id": "3",
    "object_repr": "How many players are there in a cricket team (on field)?",
    "action_flag": 1,
    "change_message": "[{\"added\": {}}]"
  }
},
{
  "model": "admin.logentry",
  "pk": 38,
  "fields": {
    "action_time": "2025-07-18T15:38:01.250Z",
    "user": 4,
    "content_type": 10,
    "object_id": "4",
    "object_repr": "What does LBW stand for in cricket?",
    "action_flag": 1,
    "change_message": "[{\"added\": {}}]"
  }
},
{
  "model": "admin.logentry",
  "pk": 39,
  "fields": {
    "action_time": "2025-07-18T15:38:47.683Z",
    "user": 4,
    "content_type": 10,
    "object_id": "5",
    "object_repr": "Which country won the 2011 ICC Cricket World Cup?",
    "action_flag": 1,
    "change_message": "[{\"added\": {}}]"
  }
},
{
  "model": "admin.logentry",
  "pk": 40,
  "fields": {
    "action_time": "2025-07-18T15:39:27.870Z",
    "user": 4,
    "content_type": 10,
    "object_id": "6",
    "object_repr": "Who was the captain of India in the 2007 T20 World Cup?",
    "action_flag": 1,
    "change_message": "[{\"added\": {}}]"
  }
},
{
  "model": "admin.logentry",
  "pk": 41,
  "fields": {
    "action_time": "2025-07-18T15:39:53.014Z",
    "user": 4,
    "content_type": 10,
    "object_id": "7",
    "object_repr": "How many runs are awarded for hitting the ball over the boundary without touching the ground?",
    "action_flag": 1,
    "change_message": "[{\"added\": {}}]"
  }
},
{
  "model": "admin.logentry",
  "pk": 42,
  "fields": {
    "action_time": "2025-07-18T15:40:17.577Z",
    "user": 4,
    "content_type": 10,
    "object_id": "8",
    "object_repr": "What’s the maximum number of overs allowed in an ODI match per side?",
    "action_flag": 1,
    "change_message": "[{\"added\": {}}]"
  }
},
{
  "model": "admin.logentry",
  "pk": 43,
  "fields": {
    "action_time": "2025-07-18T15:41:01.244Z",
    "user": 4,
    "content_type": 10,
    "object_id": "9",
    "object_repr": "Who bowled the fastest delivery in cricket history?",
    "action_flag": 1,
    "change_message": "[{\"added\": {}}]"
  }
},
{
  "model": "admin.logentry",
  "pk": 44,
  "fields": {
    "action_time": "2025-07-18T15:41:34.012Z",
    "user": 4,
    "content_type": 10,
    "object_id": "10",
    "object_repr": "Which Indian bowler took a hat-trick in a World Cup match?",
    "action_flag": 1,
    "change_message": "[{\"added\": {}}]"
  }
},
{
  "model": "admin.logentry",
  "pk": 45,
  "fields": {
    "action_time": "2025-07-18T15:42:21.017Z",
    "user": 4,
    "content_type": 10,
    "object_id": "11",
    "object_repr": "Who was the first cricketer to score a double century in ODIs?",
    "action_flag": 1,
    "change_message": "[{\"added\": {}}]"
  }
},
{
  "model": "admin.logentry",
  "pk": 46,
  "fields": {
    "action_time": "2025-07-18T15:42:56.378Z",
    "user": 4,
    "content_type": 10,
    "object_id": "12",
    "object_repr": "In which year was the first ever Test match played?",
    "action_flag": 1,
    "change_message": "[{\"added\": {}}]"
  }
},
{
  "model": "admin.logentry",
  "pk": 47,
  "fields": {
    "action_time": "2025-07-18T17:29:06.775Z",
    "user": 4,
    "content_type": 12,
    "object_id": "5",
    "object_repr": "checking",
    "action_flag": 2,
    "change_message": "[{\"changed\": {\"fields\": [\"password\"]}}]"
  }
},
{
  "model": "admin.logentry",
  "pk": 48,
  "fields": {
    "action_time": "2025-07-18T20:10:55.277Z",
    "user": 4,
    "content_type": 11,
    "object_id": "88",
    "object_repr": "siddharth2512 - (1/12)",
    "action_flag": 3,
    "change_message": ""
  }
},
{
  "model": "admin.logentry",
  "pk": 49,
  "fields": {
    "action_time": "2025-07-18T20:10:55.277Z",
    "user": 4,
    "content_type": 11,
    "object_id": "87",
    "object_repr": "siddharth2512 - (1/12)",
    "action_flag": 3,
    "change_message": ""
  }
},
{
  "model": "admin.logentry",
  "pk": 50,
  "fields": {
    "action_time": "2025-07-18T20:10:55.277Z",
    "user": 4,
    "content_type": 11,
    "object_id": "86",
    "object_repr": "siddharth2512 - (2/12)",
    "action_flag": 3,
    "change_message": ""
  }
},
{
  "model": "admin.logentry",
  "pk": 51,
  "fields": {
    "action_time": "2025-07-18T20:10:55.277Z",
    "user": 4,
    "content_type": 11,
    "object_id": "85",
    "object_repr": "siddharth2512 - (2/12)",
    "action_flag": 3,
    "change_message": ""
  }
},
{
  "model": "admin.logentry",
  "pk": 52,
  "fields": {
    "action_time": "2025-07-18T20:10:55.277Z",
    "user": 4,
    "content_type": 11,
    "object_id": "84",
    "object_repr": "siddharth2512 - (1/12)",
    "action_flag": 3,
    "change_message": ""
  }
},
{
  "model": "admin.logentry",
  "pk": 53,
  "fields": {
    "action_time": "2025-07-18T20:10:55.277Z",
    "user": 4,
    "content_type": 11,
    "object_id": "83",
    "object_repr": "siddharth2512 - (1/12)",
    "action_flag": 3,
    "change_message": ""
  }
},
{
  "model": "admin.logentry",
  "pk": 54,
  "fields": {
    "action_time": "2025-07-18T20:10:55.277Z",
    "user": 4,
    "content_type": 11,
    "object_id": "82",
    "object_repr": "siddharth2512 - (1/12)",
    "action_flag": 3,
    "change_message": ""
  }
},
{
  "model": "admin.logentry",
  "pk": 55,
  "fields": {
    "action_time": "2025-07-18T20:10:55.277Z",
    "user": 4,
    "content_type": 11,
    "object_id": "81",
    "object_repr": "siddharth2512 - (1/12)",
    "action_flag": 3,
    "change_message": ""
  }
},
{
  "model": "admin.logentry",
  "pk": 56,
  "fields": {
    "action_time": "2025-07-18T20:10:55.277Z",
    "user": 4,
    "content_type": 11,
    "object_id": "80",
    "object_repr": "siddharth2512 - (1/12)",
    "action_flag": 3,
    "change_message": ""
  }
},
{
  "model": "admin.logentry",
  "pk": 57,
  "fields": {
    "action_time": "2025-07-18T20:10:55.277Z",
    "user": 4,
    "content_type": 11,
    "object_id": "79",
    "object_repr": "siddharth2512 - (2/12)",
    "action_flag": 3,
    "change_message": ""
  }
},
{
  "model": "admin.logentry",
  "pk": 58,
  "fields": {
    "action_time": "2025-07-18T20:10:55.277Z",
    "user": 4,
    "content_type": 11,
    "object_id": "78",
    "object_repr": "siddharth2512 - (2/12)",
    "action_flag": 3,
    "change_message": ""
  }
},
{
  "model": "admin.logentry",
  "pk": 59,
  "fields": {
    "action_time": "2025-07-18T20:10:55.277Z",
    "user": 4,
    "content_type": 11,
    "object_id": "77",
    "object_repr": "siddharth2512 - (2/12)",
    "action_flag": 3,
    "change_message": ""
  }
},
{
  "model": "admin.logentry",
  "pk": 60,
  "fields": {
    "action_time": "2025-07-18T20:10:55.277Z",
    "user": 4,
    "content_type": 11,
    "object_id": "76",
    "object_repr": "siddharth2512 - (1/12)",
    "action_flag": 3,
    "change_message": ""
  }
},
{
  "model": "admin.logentry",
  "pk": 61,
  "fields": {
    "action_time": "2025-07-18T20:10:55.277Z",
    "user": 4,
    "content_type": 11,
    "object_id": "75",
    "object_repr": "siddharth2512 - (2/12)",
    "action_flag": 3,
    "change_message": ""
  }
},
{
  "model": "admin.logentry",
  "pk": 62,
  "fields": {
    "action_time": "2025-07-18T20:10:55.277Z",
    "user": 4,
    "content_type": 11,
    "object_id": "74",
    "object_repr": "siddharth2512 - (2/12)",
    "action_flag": 3,
    "change_message": ""
  }
},
{
  "model": "admin.logentry",
  "pk": 63,
  "fields": {
    "action_time": "2025-07-18T20:10:55.277Z",
    "user": 4,
    "content_type": 11,
    "object_id": "73",
    "object_repr": "siddharth2512 - (2/12)",
    "action_flag": 3,
    "change_message": ""
  }
},
{
  "model": "admin.logentry",
  "pk": 64,
  "fields": {
    "action_time": "2025-07-18T20:10:55.278Z",
    "user": 4,
    "content_type": 11,
    "object_id": "72",
    "object_repr": "siddharth2512 - (2/12)",
    "action_flag": 3,
    "change_message": ""
  }
},
{
  "model": "admin.logentry",
  "pk": 65,
  "fields": {
    "action_time": "2025-07-18T20:10:55.278Z",
    "user": 4,
    "content_type": 11,
    "object_id": "71",
    "object_repr": "siddharth2512 - (2/12)",
    "action_flag": 3,
    "change_message": ""
  }
},
{
  "model": "admin.logentry",
  "pk": 66,
  "fields": {
    "action_time": "2025-07-18T20:10:55.278Z",
    "user": 4,
    "content_type": 11,
    "object_id": "70",
    "object_repr": "siddharth2512 - (2/12)",
    "action_flag": 3,
    "change_message": ""
  }
},
{
  "model": "admin.logentry",
  "pk": 67,
  "fields": {
    "action_time": "2025-07-18T20:10:55.278Z",
    "user": 4,
    "content_type": 11,
    "object_id": "69",
    "object_repr": "siddharth2512 - (1/12)",
    "action_flag": 3,
    "change_message": ""
  }
},
{
  "model": "admin.logentry",
  "pk": 68,
  "fields": {
    "action_time": "2025-07-18T20:10:55.278Z",
    "user": 4,
    "content_type": 11,
    "object_id": "68",
    "object_repr": "siddharth2512 - (2/12)",
    "action_flag": 3,
    "change_message": ""
  }
},
{
  "model": "admin.logentry",
  "pk": 69,
  "fields": {
    "action_time": "2025-07-18T20:10:55.278Z",
    "user": 4,
    "content_type": 11,
    "object_id": "67",
    "object_repr": "siddharth2512 - (0/12)",
    "action_flag": 3,
    "change_message": ""
  }
},
{
  "model": "admin.logentry",
  "pk": 70,
  "fields": {
    "action_time": "2025-07-18T20:10:55.278Z",
    "user": 4,
    "content_type": 11,
    "object_id": "66",
    "object_repr": "siddharth2512 - (2/12)",
    "action_flag": 3,
    "change_message": ""
  }
},
{
  "model": "admin.logentry",
  "pk": 71,
  "fields": {
    "action_time": "2025-07-18T20:10:55.278Z",
    "user": 4,
    "content_type": 11,
    "object_id": "65",
    "object_repr": "siddharth2512 - (2/12)",
    "action_flag": 3,
    "change_message": ""
  }
},
{
  "model": "admin.logentry",
  "pk": 72,
  "fields": {
    "action_time": "2025-07-18T20:10:55.278Z",
    "user": 4,
    "content_type": 11,
    "object_id": "64",
    "object_repr": "siddharth2512 - (2/12)",
    "action_flag": 3,
    "change_message": ""
  }
},
{
  "model": "admin.logentry",
  "pk": 73,
  "fields": {
    "action_time": "2025-07-18T20:10:55.278Z",
    "user": 4,
    "content_type": 11,
    "object_id": "63",
    "object_repr": "siddharth2512 - (2/12)",
    "action_flag": 3,
    "change_message": ""
  }
},
{
  "model": "admin.logentry",
  "pk": 74,
  "fields": {
    "action_time": "2025-07-18T20:10:55.278Z",
    "user": 4,
    "content_type": 11,
    "object_id": "62",
    "object_repr": "siddharth2512 - (2/12)",
    "action_flag": 3,
    "change_message": ""
  }
},
{
  "model": "admin.logentry",
  "pk": 75,
  "fields": {
    "action_time": "2025-07-18T20:10:55.278Z",
    "user": 4,
    "content_type": 11,
    "object_id": "61",
    "object_repr": "siddharth2512 - (2/12)",
    "action_flag": 3,
    "change_message": ""
  }
},
{
  "model": "admin.logentry",
  "pk": 76,
  "fields": {
    "action_time": "2025-07-18T20:10:55.278Z",
    "user": 4,
    "content_type": 11,
    "object_id": "60",
    "object_repr": "siddharth2512 - (4/12)",
    "action_flag": 3,
    "change_message": ""
  }
},
{
  "model": "admin.logentry",
  "pk": 77,
  "fields": {
    "action_time": "2025-07-18T20:10:55.278Z",
    "user": 4,
    "content_type": 11,
    "object_id": "59",
    "object_repr": "siddharth2512 - (4/12)",
    "action_flag": 3,
    "change_message": ""
  }
},
{
  "model": "admin.logentry",
  "pk": 78,
  "fields": {
    "action_time": "2025-07-18T20:10:55.278Z",
    "user": 4,
    "content_type": 11,
    "object_id": "58",
    "object_repr": "siddharth2512 - (0/12)",
    "action_flag": 3,
    "change_message": ""
  }
},
{
  "model": "admin.logentry",
  "pk": 79,
  "fields": {
    "action_time": "2025-07-18T20:10:55.278Z",
    "user": 4,
    "content_type": 11,
    "object_id": "57",
    "object_repr": "siddharth2512 - (3/12)",
    "action_flag": 3,
    "change_message": ""
  }
},
{
  "model": "admin.logentry",
  "pk": 80,
  "fields": {
    "action_time": "2025-07-18T20:10:55.278Z",
    "user": 4,
    "content_type": 11,
    "object_id": "56",
    "object_repr": "siddharth2512 - (4/12)",
    "action_flag": 3,
    "change_message": ""
  }
},
{
  "model": "admin.logentry",
  "pk": 81,
  "fields": {
    "action_time": "2025-07-18T20:10:55.278Z",
    "user": 4,
    "content_type": 11,
    "object_id": "55",
    "object_repr": "siddharth2512 - (4/12)",
    "action_flag": 3,
    "change_message": ""
  }
},
{
  "model": "admin.logentry",
  "pk": 82,
  "fields": {
    "action_time": "2025-07-18T20:10:55.278Z",
    "user": 4,
    "content_type": 11,
    "object_id": "54",
    "object_repr": "siddharth2512 - (2/12)",
    "action_flag": 3,
    "change_message": ""
  }
},
{
  "model": "admin.logentry",
  "pk": 83,
  "fields": {
    "action_time": "2025-07-18T20:10:55.278Z",
    "user": 4,
    "content_type": 11,
    "object_id": "53",
    "object_repr": "siddharth2512 - (2/12)",
    "action_flag": 3,
    "change_message": ""
  }
},
{
  "model": "admin.logentry",
  "pk": 84,
  "fields": {
    "action_time": "2025-07-18T20:10:55.278Z",
    "user": 4,
    "content_type": 11,
    "object_id": "52",
    "object_repr": "siddharth2512 - (4/12)",
    "action_flag": 3,
    "change_message": ""
  }
},
{
  "model": "admin.logentry",
  "pk": 85,
  "fields": {
    "action_time": "2025-07-18T20:10:55.278Z",
    "user": 4,
    "content_type": 11,
    "object_id": "51",
    "object_repr": "siddharth2512 - (4/12)",
    "action_flag": 3,
    "change_message": ""
  }
},
{
  "model": "admin.logentry",
  "pk": 86,
  "fields": {
    "action_time": "2025-07-18T20:10:55.278Z",
    "user": 4,
    "content_type": 11,
    "object_id": "50",
    "object_repr": "siddharth2512 - (4/12)",
    "action_flag": 3,
    "change_message": ""
  }
},
{
  "model": "admin.logentry",
  "pk": 87,
  "fields": {
    "action_time": "2025-07-18T20:10:55.278Z",
    "user": 4,
    "content_type": 11,
    "object_id": "49",
    "object_repr": "siddharth2512 - (4/12)",
    "action_flag": 3,
    "change_message": ""
  }
},
{
  "model": "admin.logentry",
  "pk": 88,
  "fields": {
    "action_time": "2025-07-18T20:10:55.278Z",
    "user": 4,
    "content_type": 11,
    "object_id": "48",
    "object_repr": "siddharth2512 - (2/12)",
    "action_flag": 3,
    "change_message": ""
  }
},
{
  "model": "admin.logentry",
  "pk": 89,
  "fields": {
    "action_time": "2025-07-18T20:10:55.278Z",
    "user": 4,
    "content_type": 11,
    "object_id": "47",
    "object_repr": "siddharth2512 - (5/12)",
    "action_flag": 3,
    "change_message": ""
  }
},
{
  "model": "admin.logentry",
  "pk": 90,
  "fields": {
    "action_time": "2025-07-18T20:10:55.278Z",
    "user": 4,
    "content_type": 11,
    "object_id": "46",
    "object_repr": "checking - (2/12)",
    "action_flag": 3,
    "change_message": ""
  }
},
{
  "model": "admin.logentry",
  "pk": 91,
  "fields": {
    "action_time": "2025-07-18T20:10:55.278Z",
    "user": 4,
    "content_type": 11,
    "object_id": "45",
    "object_repr": "dominators - (2/12)",
    "action_flag": 3,
    "change_message": ""
  }
},
{
  "model": "admin.logentry",
  "pk": 92,
  "fields": {
    "action_time": "2025-07-18T20:10:55.278Z",
    "user": 4,
    "content_type": 11,
    "object_id": "44",
    "object_repr": "jethalal - (3/12)",
    "action_flag": 3,
    "change_message": ""
  }
},
{
  "model": "admin.logentry",
  "pk": 93,
  "fields": {
    "action_time": "2025-07-18T20:10:55.278Z",
    "user": 4,
    "content_type": 11,
    "object_id": "43",
    "object_repr": "siddharth2512 - (5/12)",
    "action_flag": 3,
    "change_message": ""
  }
},
{
  "model": "admin.logentry",
  "pk": 94,
  "fields": {
    "action_time": "2025-07-18T20:10:55.279Z",
    "user": 4,
    "content_type": 11,
    "object_id": "42",
    "object_repr": "siddharth2512 - (2/12)",
    "action_flag": 3,
    "change_message": ""
  }
},
{
  "model": "admin.logentry",
  "pk": 95,
  "fields": {
    "action_time": "2025-07-18T20:10:55.279Z",
    "user": 4,
    "content_type": 11,
    "object_id": "41",
    "object_repr": "siddharth2512 - (3/12)",
    "action_flag": 3,
    "change_message": ""
  }
},
{
  "model": "admin.logentry",
  "pk": 96,
  "fields": {
    "action_time": "2025-07-18T20:10:55.279Z",
    "user": 4,
    "content_type": 11,
    "object_id": "40",
    "object_repr": "siddharth2512 - (1/1)",
    "action_flag": 3,
    "change_message": ""
  }
},
{
  "model": "admin.logentry",
  "pk": 97,
  "fields": {
    "action_time": "2025-07-18T20:10:55.279Z",
    "user": 4,
    "content_type": 11,
    "object_id": "39",
    "object_repr": "siddharth2512 - (1/1)",
    "action_flag": 3,
    "change_message": ""
  }
},
{
  "model": "admin.logentry",
  "pk": 98,
  "fields": {
    "action_time": "2025-07-18T20:10:55.279Z",
    "user": 4,
    "content_type": 11,
    "object_id": "38",
    "object_repr": "siddharth2512 - (1/1)",
    "action_flag": 3,
    "change_message": ""
  }
},
{
  "model": "admin.logentry",
  "pk": 99,
  "fields": {
    "action_time": "2025-07-18T20:10:55.279Z",
    "user": 4,
    "content_type": 11,
    "object_id": "37",
    "object_repr": "siddharth2512 - (1/1)",
    "action_flag": 3,
    "change_message": ""
  }
},
{
  "model": "admin.logentry",
  "pk": 100,
  "fields": {
    "action_time": "2025-07-18T20:10:55.279Z",
    "user": 4,
    "content_type": 11,
    "object_id": "36",
    "object_repr": "siddharth2512 - (1/1)",
    "action_flag": 3,
    "change_message": ""
  }
},
{
  "model": "admin.logentry",
  "pk": 101,
  "fields": {
    "action_time": "2025-07-18T20:10:55.279Z",
    "user": 4,
    "content_type": 11,
    "object_id": "35",
    "object_repr": "siddharth2512 - (1/1)",
    "action_flag": 3,
    "change_message": ""
  }
},
{
  "model": "admin.logentry",
  "pk": 102,
  "fields": {
    "action_time": "2025-07-18T20:10:55.279Z",
    "user": 4,
    "content_type": 11,
    "object_id": "34",
    "object_repr": "siddharth2512 - (1/1)",
    "action_flag": 3,
    "change_message": ""
  }
},
{
  "model": "admin.logentry",
  "pk": 103,
  "fields": {
    "action_time": "2025-07-18T20:10:55.279Z",
    "user": 4,
    "content_type": 11,
    "object_id": "33",
    "object_repr": "siddharth2512 - (1/1)",
    "action_flag": 3,
    "change_message": ""
  }
},
{
  "model": "admin.logentry",
  "pk": 104,
  "fields": {
    "action_time": "2025-07-18T20:10:55.279Z",
    "user": 4,
    "content_type": 11,
    "object_id": "32",
    "object_repr": "siddharth2512 - (0/1)",
    "action_flag": 3,
    "change_message": ""
  }
},
{
  "model": "admin.logentry",
  "pk": 105,
  "fields": {
    "action_time": "2025-07-18T20:10:55.279Z",
    "user": 4,
    "content_type": 11,
    "object_id": "31",
    "object_repr": "siddharth2512 - (0/1)",
    "action_flag": 3,
    "change_message": ""
  }
},
{
  "model": "admin.logentry",
  "pk": 106,
  "fields": {
    "action_time": "2025-07-18T20:10:55.279Z",
    "user": 4,
    "content_type": 11,
    "object_id": "30",
    "object_repr": "siddharth2512 - (1/1)",
    "action_flag": 3,
    "change_message": ""
  }
},
{
  "model": "admin.logentry",
  "pk": 107,
  "fields": {
    "action_time": "2025-07-19T08:49:56.532Z",
    "user": 4,
    "content_type": 11,
    "object_id": "101",
    "object_repr": "siddharth2512 - (5/12)",
    "action_flag": 3,
    "change_message": ""
  }
},
{
  "model": "admin.logentry",
  "pk": 108,
  "fields": {
    "action_time": "2025-07-19T08:49:56.532Z",
    "user": 4,
    "content_type": 11,
    "object_id": "100",
    "object_repr": "siddharth2512 - (1/12)",
    "action_flag": 3,
    "change_message": ""
  }
},
{
  "model": "admin.logentry",
  "pk": 109,
  "fields": {
    "action_time": "2025-07-19T08:49:56.532Z",
    "user": 4,
    "content_type": 11,
    "object_id": "99",
    "object_repr": "siddharth2512 - (1/12)",
    "action_flag": 3,
    "change_message": ""
  }
},
{
  "model": "admin.logentry",
  "pk": 110,
  "fields": {
    "action_time": "2025-07-19T08:49:56.532Z",
    "user": 4,
    "content_type": 11,
    "object_id": "98",
    "object_repr": "siddharth2512 - (1/12)",
    "action_flag": 3,
    "change_message": ""
  }
},
{
  "model": "admin.logentry",
  "pk": 111,
  "fields": {
    "action_time": "2025-07-19T08:49:56.532Z",
    "user": 4,
    "content_type": 11,
    "object_id": "97",
    "object_repr": "siddharth2512 - (1/12)",
    "action_flag": 3,
    "change_message": ""
  }
},
{
  "model": "admin.logentry",
  "pk": 112,
  "fields": {
    "action_time": "2025-07-19T08:49:56.532Z",
    "user": 4,
    "content_type": 11,
    "object_id": "96",
    "object_repr": "siddharth2512 - (1/12)",
    "action_flag": 3,
    "change_message": ""
  }
},
{
  "model": "admin.logentry",
  "pk": 113,
  "fields": {
    "action_time": "2025-07-19T08:49:56.532Z",
    "user": 4,
    "content_type": 11,
    "object_id": "95",
    "object_repr": "siddharth2512 - (3/12)",
    "action_flag": 3,
    "change_message": ""
  }
},
{
  "model": "admin.logentry",
  "pk": 114,
  "fields": {
    "action_time": "2025-07-19T08:49:56.532Z",
    "user": 4,
    "content_type": 11,
    "object_id": "94",
    "object_repr": "siddharth2512 - (1/12)",
    "action_flag": 3,
    "change_message": ""
  }
},
{
  "model": "admin.logentry",
  "pk": 115,
  "fields": {
    "action_time": "2025-07-19T08:49:56.532Z",
    "user": 4,
    "content_type": 11,
    "object_id": "93",
    "object_repr": "siddharth2512 - (1/12)",
    "action_flag": 3,
    "change_message": ""
  }
},
{
  "model": "admin.logentry",
  "pk": 116,
  "fields": {
    "action_time": "2025-07-19T08:49:56.532Z",
    "user": 4,
    "content_type": 11,
    "object_id": "92",
    "object_repr": "siddharth2512 - (1/12)",
    "action_flag": 3,
    "change_message": ""
  }
},
{
  "model": "admin.logentry",
  "pk": 117,
  "fields": {
    "action_time": "2025-07-19T08:49:56.532Z",
    "user": 4,
    "content_type": 11,
    "object_id": "91",
    "object_repr": "siddharth2512 - (2/12)",
    "action_flag": 3,
    "change_message": ""
  }
},
{
  "model": "admin.logentry",
  "pk": 118,
  "fields": {
    "action_time": "2025-07-19T08:49:56.532Z",
    "user": 4,
    "content_type": 11,
    "object_id": "90",
    "object_repr": "siddharth2512 - (2/12)",
    "action_flag": 3,
    "change_message": ""
  }
},
{
  "model": "admin.logentry",
  "pk": 119,
  "fields": {
    "action_time": "2025-07-19T08:49:56.532Z",
    "user": 4,
    "content_type": 11,
    "object_id": "89",
    "object_repr": "siddharth2512 - (2/12)",
    "action_flag": 3,
    "change_message": ""
  }
},
{
  "model": "admin.logentry",
  "pk": 120,
  "fields": {
    "action_time": "2025-07-19T09:09:04.280Z",
    "user": 4,
    "content_type": 11,
    "object_id": "102",
    "object_repr": "siddharth2512 - (2/12)",
    "action_flag": 3,
    "change_message": ""
  }
},
{
  "model": "admin.logentry",
  "pk": 121,
  "fields": {
    "action_time": "2025-07-19T09:15:28.820Z",
    "user": 2,
    "content_type": 11,
    "object_id": "105",
    "object_repr": "jethalal - (5/12)",
    "action_flag": 3,
    "change_message": ""
  }
},
{
  "model": "admin.logentry",
  "pk": 122,
  "fields": {
    "action_time": "2025-07-19T09:15:28.820Z",
    "user": 2,
    "content_type": 11,
    "object_id": "104",
    "object_repr": "siddharth2512 - (1/12)",
    "action_flag": 3,
    "change_message": ""
  }
},
{
  "model": "admin.logentry",
  "pk": 123,
  "fields": {
    "action_time": "2025-07-19T09:15:28.821Z",
    "user": 2,
    "content_type": 11,
    "object_id": "103",
    "object_repr": "siddharth2512 - (2/12)",
    "action_flag": 3,
    "change_message": ""
  }
},
{
  "model": "admin.logentry",
  "pk": 124,
  "fields": {
    "action_time": "2025-07-19T09:16:22.197Z",
    "user": 2,
    "content_type": 11,
    "object_id": "106",
    "object_repr": "jethalal - (2/12)",
    "action_flag": 3,
    "change_message": ""
  }
},
{
  "model": "admin.logentry",
  "pk": 125,
  "fields": {
    "action_time": "2025-07-19T09:32:50.223Z",
    "user": 2,
    "content_type": 11,
    "object_id": "112",
    "object_repr": "jethalal - (2/12)",
    "action_flag": 3,
    "change_message": ""
  }
},
{
  "model": "admin.logentry",
  "pk": 126,
  "fields": {
    "action_time": "2025-07-19T09:32:50.223Z",
    "user": 2,
    "content_type": 11,
    "object_id": "111",
    "object_repr": "jethalal - (2/12)",
    "action_flag": 3,
    "change_message": ""
  }
},
{
  "model": "admin.logentry",
  "pk": 127,
  "fields": {
    "action_time": "2025-07-19T09:32:50.223Z",
    "user": 2,
    "content_type": 11,
    "object_id": "110",
    "object_repr": "jethalal - (3/12)",
    "action_flag": 3,
    "change_message": ""
  }
},
{
  "model": "admin.logentry",
  "pk": 128,
  "fields": {
    "action_time": "2025-07-19T09:32:50.223Z",
    "user": 2,
    "content_type": 11,
    "object_id": "109",
    "object_repr": "jethalal - (3/12)",
    "action_flag": 3,
    "change_message": ""
  }
},
{
  "model": "admin.logentry",
  "pk": 129,
  "fields": {
    "action_time": "2025-07-19T09:32:50.223Z",
    "user": 2,
    "content_type": 11,
    "object_id": "108",
    "object_repr": "jethalal - (2/12)",
    "action_flag": 3,
    "change_message": ""
  }
},
{
  "model": "admin.logentry",
  "pk": 130,
  "fields": {
    "action_time": "2025-07-19T09:32:50.223Z",
    "user": 2,
    "content_type": 11,
    "object_id": "107",
    "object_repr": "jethalal - (2/12)",
    "action_flag": 3,
    "change_message": ""
  }
},
{
  "model": "admin.logentry",
  "pk": 131,
  "fields": {
    "action_time": "2025-07-19T09:38:23.481Z",
    "user": 2,
    "content_type": 10,
    "object_id": "13",
    "object_repr": "Who is known as the \"Hitman\" in Indian cricket?",
    "action_flag": 1,
    "change_message": "[{\"added\": {}}]"
  }
},
{
  "model": "admin.logentry",
  "pk": 132,
  "fields": {
    "action_time": "2025-07-19T09:39:02.233Z",
    "user": 2,
    "content_type": 10,
    "object_id": "14",
    "object_repr": "What’s the color of the ball used in day Test matches?",
    "action_flag": 1,
    "change_message": "[{\"added\": {}}]"
  }
},
{
  "model": "admin.logentry",
  "pk": 133,
  "fields": {
    "action_time": "2025-07-19T09:39:39.273Z",
    "user": 2,
    "content_type": 10,
    "object_id": "15",
    "object_repr": "Which team won IPL 2023?",
    "action_flag": 1,
    "change_message": "[{\"added\": {}}]"
  }
},
{
  "model": "admin.logentry",
  "pk": 134,
  "fields": {
    "action_time": "2025-07-19T09:40:29.324Z",
    "user": 2,
    "content_type": 10,
    "object_id": "16",
    "object_repr": "Which Indian legend has 100 international centuries?",
    "action_flag": 1,
    "change_message": "[{\"added\": {}}]"
  }
},
{
  "model": "admin.logentry",
  "pk": 135,
  "fields": {
    "action_time": "2025-07-19T09:41:05.085Z",
    "user": 2,
    "content_type": 10,
    "object_id": "17",
    "object_repr": "Which of these is a mode of dismissal?",
    "action_flag": 1,
    "change_message": "[{\"added\": {}}]"
  }
},
{
  "model": "admin.logentry",
  "pk": 136,
  "fields": {
    "action_time": "2025-07-19T09:41:31.297Z",
    "user": 2,
    "content_type": 10,
    "object_id": "18",
    "object_repr": "How many overs in a standard ODI match?",
    "action_flag": 1,
    "change_message": "[{\"added\": {}}]"
  }
},
{
  "model": "admin.logentry",
  "pk": 137,
  "fields": {
    "action_time": "2025-07-19T09:42:10.186Z",
    "user": 2,
    "content_type": 10,
    "object_id": "19",
    "object_repr": "Which country hosts the Big Bash League?",
    "action_flag": 1,
    "change_message": "[{\"added\": {}}]"
  }
},
{
  "model": "admin.logentry",
  "pk": 138,
  "fields": {
    "action_time": "2025-07-19T09:42:39.577Z",
    "user": 2,
    "content_type": 10,
    "object_id": "20",
    "object_repr": "What’s MS Dhoni’s IPL team?",
    "action_flag": 1,
    "change_message": "[{\"added\": {}}]"
  }
},
{
  "model": "admin.logentry",
  "pk": 139,
  "fields": {
    "action_time": "2025-07-19T09:43:21.243Z",
    "user": 2,
    "content_type": 10,
    "object_id": "21",
    "object_repr": "Which country did India defeat in the 2011 World Cup final?",
    "action_flag": 1,
    "change_message": "[{\"added\": {}}]"
  }
},
{
  "model": "admin.logentry",
  "pk": 140,
  "fields": {
    "action_time": "2025-07-19T09:43:57.737Z",
    "user": 2,
    "content_type": 10,
    "object_id": "22",
    "object_repr": "Which format lasts for 5 days?",
    "action_flag": 1,
    "change_message": "[{\"added\": {}}]"
  }
},
{
  "model": "admin.logentry",
  "pk": 141,
  "fields": {
    "action_time": "2025-07-19T09:44:36.878Z",
    "user": 2,
    "content_type": 10,
    "object_id": "23",
    "object_repr": "Who is the current Indian men’s T20I captain (2025)?",
    "action_flag": 1,
    "change_message": "[{\"added\": {}}]"
  }
},
{
  "model": "admin.logentry",
  "pk": 142,
  "fields": {
    "action_time": "2025-07-19T09:45:00.657Z",
    "user": 2,
    "content_type": 10,
    "object_id": "24",
    "object_repr": "How many runs for hitting the ball over boundary without bounce?",
    "action_flag": 1,
    "change_message": "[{\"added\": {}}]"
  }
},
{
  "model": "admin.logentry",
  "pk": 143,
  "fields": {
    "action_time": "2025-07-19T09:45:40.153Z",
    "user": 2,
    "content_type": 10,
    "object_id": "25",
    "object_repr": "Which team uses the jersey color Blue and Gold in IPL?",
    "action_flag": 1,
    "change_message": "[{\"added\": {}}]"
  }
},
{
  "model": "admin.logentry",
  "pk": 144,
  "fields": {
    "action_time": "2025-07-19T09:46:20.246Z",
    "user": 2,
    "content_type": 10,
    "object_id": "26",
    "object_repr": "Who is called the “Wall” of Indian cricket?",
    "action_flag": 1,
    "change_message": "[{\"added\": {}}]"
  }
},
{
  "model": "admin.logentry",
  "pk": 145,
  "fields": {
    "action_time": "2025-07-19T09:46:52.273Z",
    "user": 2,
    "content_type": 10,
    "object_id": "27",
    "object_repr": "Which country hosts the Ashes along with England?",
    "action_flag": 1,
    "change_message": "[{\"added\": {}}]"
  }
},
{
  "model": "admin.logentry",
  "pk": 146,
  "fields": {
    "action_time": "2025-07-19T09:47:34.126Z",
    "user": 2,
    "content_type": 10,
    "object_id": "28",
    "object_repr": "What’s the penalty for a no-ball in T20s?",
    "action_flag": 1,
    "change_message": "[{\"added\": {}}]"
  }
},
{
  "model": "admin.logentry",
  "pk": 147,
  "fields": {
    "action_time": "2025-07-19T09:48:15.501Z",
    "user": 2,
    "content_type": 10,
    "object_id": "29",
    "object_repr": "Which part of the body must the ball not hit in LBW?",
    "action_flag": 1,
    "change_message": "[{\"added\": {}}]"
  }
},
{
  "model": "admin.logentry",
  "pk": 148,
  "fields": {
    "action_time": "2025-07-19T09:48:52.161Z",
    "user": 2,
    "content_type": 10,
    "object_id": "30",
    "object_repr": "Which team did Shubman Gill captain in IPL 2025?",
    "action_flag": 1,
    "change_message": "[{\"added\": {}}]"
  }
},
{
  "model": "admin.logentry",
  "pk": 149,
  "fields": {
    "action_time": "2025-07-19T09:49:48.845Z",
    "user": 2,
    "content_type": 10,
    "object_id": "31",
    "object_repr": "Who was the Orange Cap winner in IPL 2024?",
    "action_flag": 1,
    "change_message": "[{\"added\": {}}]"
  }
},
{
  "model": "admin.logentry",
  "pk": 150,
  "fields": {
    "action_time": "2025-07-19T09:50:20.465Z",
    "user": 2,
    "content_type": 10,
    "object_id": "32",
    "object_repr": "Which bowler has the record for the fastest T20I hat-trick?",
    "action_flag": 1,
    "change_message": "[{\"added\": {}}]"
  }
},
{
  "model": "admin.logentry",
  "pk": 151,
  "fields": {
    "action_time": "2025-07-19T09:50:42.415Z",
    "user": 2,
    "content_type": 10,
    "object_id": "33",
    "object_repr": "What’s the max number of fielders allowed outside the circle in the last 5 overs of an ODI?",
    "action_flag": 1,
    "change_message": "[{\"added\": {}}]"
  }
},
{
  "model": "admin.logentry",
  "pk": 152,
  "fields": {
    "action_time": "2025-07-19T10:01:58.547Z",
    "user": 2,
    "content_type": 10,
    "object_id": "34",
    "object_repr": "What’s the max number of fielders allowed outside the circle in the last 5 overs of an ODI?",
    "action_flag": 1,
    "change_message": "[{\"added\": {}}]"
  }
},
{
  "model": "admin.logentry",
  "pk": 153,
  "fields": {
    "action_time": "2025-07-19T10:02:36.813Z",
    "user": 2,
    "content_type": 10,
    "object_id": "35",
    "object_repr": "Which player holds the record for most sixes in a single IPL season (as of 2025)?",
    "action_flag": 1,
    "change_message": "[{\"added\": {}}]"
  }
},
{
  "model": "admin.logentry",
  "pk": 154,
  "fields": {
    "action_time": "2025-07-19T10:03:06.839Z",
    "user": 2,
    "content_type": 10,
    "object_id": "36",
    "object_repr": "Who was India’s head coach during the 2023 ODI World Cup?",
    "action_flag": 1,
    "change_message": "[{\"added\": {}}]"
  }
},
{
  "model": "admin.logentry",
  "pk": 155,
  "fields": {
    "action_time": "2025-07-19T10:03:38.005Z",
    "user": 2,
    "content_type": 10,
    "object_id": "37",
    "object_repr": "What is a Super Over used for?",
    "action_flag": 1,
    "change_message": "[{\"added\": {}}]"
  }
},
{
  "model": "admin.logentry",
  "pk": 156,
  "fields": {
    "action_time": "2025-07-19T10:04:14.478Z",
    "user": 2,
    "content_type": 10,
    "object_id": "38",
    "object_repr": "Which team did Babar Azam score his maiden T20I century against?",
    "action_flag": 1,
    "change_message": "[{\"added\": {}}]"
  }
},
{
  "model": "admin.logentry",
  "pk": 157,
  "fields": {
    "action_time": "2025-07-19T10:04:51.942Z",
    "user": 2,
    "content_type": 10,
    "object_id": "39",
    "object_repr": "Which of these is not part of powerplay restrictions?",
    "action_flag": 1,
    "change_message": "[{\"added\": {}}]"
  }
},
{
  "model": "admin.logentry",
  "pk": 158,
  "fields": {
    "action_time": "2025-07-19T10:05:21.474Z",
    "user": 2,
    "content_type": 10,
    "object_id": "40",
    "object_repr": "How many total balls are bowled in a 50-over match (without extras)?",
    "action_flag": 1,
    "change_message": "[{\"added\": {}}]"
  }
},
{
  "model": "admin.logentry",
  "pk": 159,
  "fields": {
    "action_time": "2025-07-19T10:05:55.465Z",
    "user": 2,
    "content_type": 10,
    "object_id": "41",
    "object_repr": "Who became the youngest male cricketer to debut for India in Tests (as of 2025)?",
    "action_flag": 1,
    "change_message": "[{\"added\": {}}]"
  }
},
{
  "model": "admin.logentry",
  "pk": 160,
  "fields": {
    "action_time": "2025-07-19T10:06:38.907Z",
    "user": 2,
    "content_type": 10,
    "object_id": "42",
    "object_repr": "What’s a bowler’s economy rate?",
    "action_flag": 1,
    "change_message": "[{\"added\": {}}]"
  }
},
{
  "model": "admin.logentry",
  "pk": 161,
  "fields": {
    "action_time": "2025-07-19T10:07:14.243Z",
    "user": 2,
    "content_type": 10,
    "object_id": "43",
    "object_repr": "Who is the current captain of the England men’s ODI team (2025)?",
    "action_flag": 1,
    "change_message": "[{\"added\": {}}]"
  }
},
{
  "model": "admin.logentry",
  "pk": 162,
  "fields": {
    "action_time": "2025-07-19T10:07:42.750Z",
    "user": 2,
    "content_type": 10,
    "object_id": "44",
    "object_repr": "Which Indian spinner recently crossed 350 Test wickets in 2025?",
    "action_flag": 1,
    "change_message": "[{\"added\": {}}]"
  }
},
{
  "model": "admin.logentry",
  "pk": 163,
  "fields": {
    "action_time": "2025-07-19T10:08:09.827Z",
    "user": 2,
    "content_type": 10,
    "object_id": "45",
    "object_repr": "Which Indian bowler had a record economy of 3.3 in IPL 2024 (min 10 overs)?",
    "action_flag": 1,
    "change_message": "[{\"added\": {}}]"
  }
},
{
  "model": "admin.logentry",
  "pk": 164,
  "fields": {
    "action_time": "2025-07-19T10:08:53.414Z",
    "user": 2,
    "content_type": 10,
    "object_id": "46",
    "object_repr": "How many runs does a team need to win via DLS if target is adjusted mid-match?",
    "action_flag": 1,
    "change_message": "[{\"added\": {}}]"
  }
},
{
  "model": "admin.logentry",
  "pk": 165,
  "fields": {
    "action_time": "2025-07-19T10:09:09.954Z",
    "user": 2,
    "content_type": 10,
    "object_id": "47",
    "object_repr": "What is the total number of umpires officiating an international match?",
    "action_flag": 1,
    "change_message": "[{\"added\": {}}]"
  }
},
{
  "model": "admin.logentry",
  "pk": 166,
  "fields": {
    "action_time": "2025-07-19T10:09:30.602Z",
    "user": 2,
    "content_type": 10,
    "object_id": "48",
    "object_repr": "What’s the most wickets taken by an Indian in a single ODI World Cup?",
    "action_flag": 1,
    "change_message": "[{\"added\": {}}]"
  }
},
{
  "model": "admin.logentry",
  "pk": 167,
  "fields": {
    "action_time": "2025-07-19T10:10:04.323Z",
    "user": 2,
    "content_type": 10,
    "object_id": "49",
    "object_repr": "Who won the ICC Men’s Test Championship 2023?",
    "action_flag": 1,
    "change_message": "[{\"added\": {}}]"
  }
},
{
  "model": "admin.logentry",
  "pk": 168,
  "fields": {
    "action_time": "2025-07-19T10:10:33.341Z",
    "user": 2,
    "content_type": 10,
    "object_id": "50",
    "object_repr": "Which Indian cricketer launched his own perfume brand in 2024?",
    "action_flag": 1,
    "change_message": "[{\"added\": {}}]"
  }
},
{
  "model": "admin.logentry",
  "pk": 169,
  "fields": {
    "action_time": "2025-07-19T10:11:09.978Z",
    "user": 2,
    "content_type": 10,
    "object_id": "51",
    "object_repr": "What is the role of a “Nightwatchman” in Test cricket?",
    "action_flag": 1,
    "change_message": "[{\"added\": {}}]"
  }
},
{
  "model": "admin.logentry",
  "pk": 170,
  "fields": {
    "action_time": "2025-07-19T10:12:14.970Z",
    "user": 2,
    "content_type": 10,
    "object_id": "52",
    "object_repr": "Which associate nation made its Test debut in 2025?",
    "action_flag": 1,
    "change_message": "[{\"added\": {}}]"
  }
},
{
  "model": "admin.logentry",
  "pk": 171,
  "fields": {
    "action_time": "2025-07-19T10:12:55.899Z",
    "user": 2,
    "content_type": 10,
    "object_id": "53",
    "object_repr": "Which player had the highest dot ball percentage in IPL 2025 (min. 10 matches)?",
    "action_flag": 1,
    "change_message": "[{\"added\": {}}]"
  }
},
{
  "model": "admin.logentry",
  "pk": 172,
  "fields": {
    "action_time": "2025-07-19T10:13:28.199Z",
    "user": 2,
    "content_type": 10,
    "object_id": "54",
    "object_repr": "Who was the Player of the Tournament in the 2025 Women’s T20 World Cup?",
    "action_flag": 1,
    "change_message": "[{\"added\": {}}]"
  }
},
{
  "model": "admin.logentry",
  "pk": 173,
  "fields": {
    "action_time": "2025-07-19T10:14:09.670Z",
    "user": 2,
    "content_type": 10,
    "object_id": "55",
    "object_repr": "Which cricketer scored a double century in ODIs in 2025 against South Africa?",
    "action_flag": 1,
    "change_message": "[{\"added\": {}}]"
  }
},
{
  "model": "admin.logentry",
  "pk": 174,
  "fields": {
    "action_time": "2025-07-19T10:14:39.378Z",
    "user": 2,
    "content_type": 10,
    "object_id": "56",
    "object_repr": "What is the new ICC concussion substitute rule introduced in 2025?",
    "action_flag": 1,
    "change_message": "[{\"added\": {}}]"
  }
},
{
  "model": "admin.logentry",
  "pk": 175,
  "fields": {
    "action_time": "2025-07-19T10:15:18.410Z",
    "user": 2,
    "content_type": 10,
    "object_id": "57",
    "object_repr": "Who was India’s captain during the Emerging Asia Cup 2025?",
    "action_flag": 1,
    "change_message": "[{\"added\": {}}]"
  }
},
{
  "model": "admin.logentry",
  "pk": 176,
  "fields": {
    "action_time": "2025-07-19T10:15:58.928Z",
    "user": 2,
    "content_type": 10,
    "object_id": "58",
    "object_repr": "Which Indian stadium had the highest sixes-per-match average in IPL 2025?",
    "action_flag": 1,
    "change_message": "[{\"added\": {}}]"
  }
},
{
  "model": "admin.logentry",
  "pk": 177,
  "fields": {
    "action_time": "2025-07-19T10:16:10.370Z",
    "user": 2,
    "content_type": 10,
    "object_id": "58",
    "object_repr": "Which Indian stadium had the highest sixes-per-match average in IPL 2025?",
    "action_flag": 2,
    "change_message": "[{\"changed\": {\"fields\": [\"Difficulty\"]}}]"
  }
},
{
  "model": "admin.logentry",
  "pk": 178,
  "fields": {
    "action_time": "2025-07-19T10:16:52.562Z",
    "user": 2,
    "content_type": 10,
    "object_id": "59",
    "object_repr": "Which brand signed the biggest IPL sponsorship deal in 2025?",
    "action_flag": 1,
    "change_message": "[{\"added\": {}}]"
  }
},
{
  "model": "admin.logentry",
  "pk": 179,
  "fields": {
    "action_time": "2025-07-19T10:17:21.717Z",
    "user": 2,
    "content_type": 10,
    "object_id": "60",
    "object_repr": "Who is the first Indian cricketer to play 150+ matches across all formats by age 25?",
    "action_flag": 1,
    "change_message": "[{\"added\": {}}]"
  }
},
{
  "model": "admin.logentry",
  "pk": 180,
  "fields": {
    "action_time": "2025-07-19T10:17:50.907Z",
    "user": 2,
    "content_type": 10,
    "object_id": "61",
    "object_repr": "Which bowler had the best bowling figures in IPL 2025 (single match)?",
    "action_flag": 1,
    "change_message": "[{\"added\": {}}]"
  }
},
{
  "model": "admin.logentry",
  "pk": 181,
  "fields": {
    "action_time": "2025-07-19T10:18:21.312Z",
    "user": 2,
    "content_type": 10,
    "object_id": "62",
    "object_repr": "Who became the youngest woman to score 150+ in an ODI (2025)?",
    "action_flag": 1,
    "change_message": "[{\"added\": {}}]"
  }
},
{
  "model": "admin.logentry",
  "pk": 182,
  "fields": {
    "action_time": "2025-07-19T10:18:54.299Z",
    "user": 2,
    "content_type": 10,
    "object_id": "63",
    "object_repr": "Which cricketer launched a startup on athlete recovery funded on Shark Tank India S4?",
    "action_flag": 1,
    "change_message": "[{\"added\": {}}]"
  }
},
{
  "model": "admin.logentry",
  "pk": 183,
  "fields": {
    "action_time": "2025-07-19T10:19:24.154Z",
    "user": 2,
    "content_type": 10,
    "object_id": "64",
    "object_repr": "Who has the most stumpings in IPL history as of 2025?",
    "action_flag": 1,
    "change_message": "[{\"added\": {}}]"
  }
},
{
  "model": "admin.logentry",
  "pk": 184,
  "fields": {
    "action_time": "2025-07-19T10:19:52.431Z",
    "user": 2,
    "content_type": 10,
    "object_id": "65",
    "object_repr": "Which team had the lowest run rate in IPL 2025?",
    "action_flag": 1,
    "change_message": "[{\"added\": {}}]"
  }
},
{
  "model": "admin.logentry",
  "pk": 185,
  "fields": {
    "action_time": "2025-07-19T10:20:25.550Z",
    "user": 2,
    "content_type": 10,
    "object_id": "66",
    "object_repr": "What is the average reaction time of a slip fielder in cricket?",
    "action_flag": 1,
    "change_message": "[{\"added\": {}}]"
  }
},
{
  "model": "admin.logentry",
  "pk": 186,
  "fields": {
    "action_time": "2025-07-19T10:20:56.083Z",
    "user": 2,
    "content_type": 10,
    "object_id": "67",
    "object_repr": "Who coached GT in IPL 2025 after Ashish Nehra stepped down?",
    "action_flag": 1,
    "change_message": "[{\"added\": {}}]"
  }
},
{
  "model": "admin.logentry",
  "pk": 187,
  "fields": {
    "action_time": "2025-07-19T10:21:26.056Z",
    "user": 2,
    "content_type": 10,
    "object_id": "68",
    "object_repr": "What was the rarest dismissal in IPL 2025?",
    "action_flag": 1,
    "change_message": "[{\"added\": {}}]"
  }
},
{
  "model": "admin.logentry",
  "pk": 188,
  "fields": {
    "action_time": "2025-07-19T10:21:57.146Z",
    "user": 2,
    "content_type": 10,
    "object_id": "69",
    "object_repr": "Which women’s cricketer retired from international cricket in early 2025?",
    "action_flag": 1,
    "change_message": "[{\"added\": {}}]"
  }
},
{
  "model": "admin.logentry",
  "pk": 189,
  "fields": {
    "action_time": "2025-07-19T10:22:44.255Z",
    "user": 2,
    "content_type": 10,
    "object_id": "70",
    "object_repr": "What’s the name of the analytics tech used by BCCI during IPL 2025?",
    "action_flag": 1,
    "change_message": "[{\"added\": {}}]"
  }
},
{
  "model": "admin.logentry",
  "pk": 190,
  "fields": {
    "action_time": "2025-07-19T10:23:34.695Z",
    "user": 2,
    "content_type": 10,
    "object_id": "71",
    "object_repr": "Which franchise has never won an IPL title as of 2025?",
    "action_flag": 1,
    "change_message": "[{\"added\": {}}]"
  }
},
{
  "model": "admin.logentry",
  "pk": 191,
  "fields": {
    "action_time": "2025-07-19T10:42:53.779Z",
    "user": 2,
    "content_type": 10,
    "object_id": "72",
    "object_repr": "What is the name of India’s women’s cricket league started in 2023?",
    "action_flag": 1,
    "change_message": "[{\"added\": {}}]"
  }
},
{
  "model": "admin.logentry",
  "pk": 192,
  "fields": {
    "action_time": "2025-07-19T10:43:14.399Z",
    "user": 2,
    "content_type": 10,
    "object_id": "73",
    "object_repr": "How many runs is a ball called a \"wide\" worth?",
    "action_flag": 1,
    "change_message": "[{\"added\": {}}]"
  }
},
{
  "model": "admin.logentry",
  "pk": 193,
  "fields": {
    "action_time": "2025-07-19T10:43:41.862Z",
    "user": 2,
    "content_type": 10,
    "object_id": "74",
    "object_repr": "Which team is also called the “Yellow Army”?",
    "action_flag": 1,
    "change_message": "[{\"added\": {}}]"
  }
},
{
  "model": "admin.logentry",
  "pk": 194,
  "fields": {
    "action_time": "2025-07-19T10:44:11.910Z",
    "user": 2,
    "content_type": 10,
    "object_id": "75",
    "object_repr": "Who is the youngest IPL debutant of all time?",
    "action_flag": 1,
    "change_message": "[{\"added\": {}}]"
  }
},
{
  "model": "admin.logentry",
  "pk": 195,
  "fields": {
    "action_time": "2025-07-19T10:44:37.921Z",
    "user": 2,
    "content_type": 10,
    "object_id": "76",
    "object_repr": "Which of these is not a fielding position?",
    "action_flag": 1,
    "change_message": "[{\"added\": {}}]"
  }
},
{
  "model": "admin.logentry",
  "pk": 196,
  "fields": {
    "action_time": "2025-07-19T10:45:27.059Z",
    "user": 2,
    "content_type": 10,
    "object_id": "77",
    "object_repr": "What is used to check close run-out decisions?",
    "action_flag": 1,
    "change_message": "[{\"added\": {}}]"
  }
},
{
  "model": "admin.logentry",
  "pk": 197,
  "fields": {
    "action_time": "2025-07-19T10:45:50.939Z",
    "user": 2,
    "content_type": 10,
    "object_id": "78",
    "object_repr": "How many innings are there in a Test match?",
    "action_flag": 1,
    "change_message": "[{\"added\": {}}]"
  }
},
{
  "model": "admin.logentry",
  "pk": 198,
  "fields": {
    "action_time": "2025-07-19T10:46:26.907Z",
    "user": 2,
    "content_type": 10,
    "object_id": "79",
    "object_repr": "Which format is known for colored kits and white balls?",
    "action_flag": 1,
    "change_message": "[{\"added\": {}}]"
  }
},
{
  "model": "admin.logentry",
  "pk": 199,
  "fields": {
    "action_time": "2025-07-19T10:47:05.331Z",
    "user": 2,
    "content_type": 10,
    "object_id": "80",
    "object_repr": "Which of these trophies is NOT cricket-related?",
    "action_flag": 1,
    "change_message": "[{\"added\": {}}]"
  }
},
{
  "model": "admin.logentry",
  "pk": 200,
  "fields": {
    "action_time": "2025-07-19T10:47:40.331Z",
    "user": 2,
    "content_type": 10,
    "object_id": "81",
    "object_repr": "Who is called \"Mr. 360\" in world cricket?",
    "action_flag": 1,
    "change_message": "[{\"added\": {}}]"
  }
},
{
  "model": "admin.logentry",
  "pk": 201,
  "fields": {
    "action_time": "2025-07-19T10:48:17.583Z",
    "user": 2,
    "content_type": 10,
    "object_id": "82",
    "object_repr": "Which Indian batter scored a ton on Test debut in 2023?",
    "action_flag": 1,
    "change_message": "[{\"added\": {}}]"
  }
},
{
  "model": "admin.logentry",
  "pk": 202,
  "fields": {
    "action_time": "2025-07-19T10:48:49.164Z",
    "user": 2,
    "content_type": 10,
    "object_id": "83",
    "object_repr": "Who took the most catches (non-keeper) in IPL 2024?",
    "action_flag": 1,
    "change_message": "[{\"added\": {}}]"
  }
},
{
  "model": "admin.logentry",
  "pk": 203,
  "fields": {
    "action_time": "2025-07-19T10:49:14.671Z",
    "user": 2,
    "content_type": 10,
    "object_id": "84",
    "object_repr": "What’s the max number of bouncers allowed per over in ODIs?",
    "action_flag": 1,
    "change_message": "[{\"added\": {}}]"
  }
},
{
  "model": "admin.logentry",
  "pk": 204,
  "fields": {
    "action_time": "2025-07-19T10:49:48.279Z",
    "user": 2,
    "content_type": 10,
    "object_id": "85",
    "object_repr": "Which team did India defeat in a Super Over during the 2023 T20I series?",
    "action_flag": 1,
    "change_message": "[{\"added\": {}}]"
  }
},
{
  "model": "admin.logentry",
  "pk": 205,
  "fields": {
    "action_time": "2025-07-19T10:50:23.794Z",
    "user": 2,
    "content_type": 10,
    "object_id": "86",
    "object_repr": "Who bowled the fastest ball of IPL 2024?",
    "action_flag": 1,
    "change_message": "[{\"added\": {}}]"
  }
},
{
  "model": "admin.logentry",
  "pk": 206,
  "fields": {
    "action_time": "2025-07-19T10:50:53Z",
    "user": 2,
    "content_type": 10,
    "object_id": "87",
    "object_repr": "Which female cricketer has a double century in ODIs?",
    "action_flag": 1,
    "change_message": "[{\"added\": {}}]"
  }
},
{
  "model": "admin.logentry",
  "pk": 207,
  "fields": {
    "action_time": "2025-07-19T10:51:25.866Z",
    "user": 2,
    "content_type": 10,
    "object_id": "88",
    "object_repr": "In which year was DRS (Decision Review System) officially introduced in Tests?",
    "action_flag": 1,
    "change_message": "[{\"added\": {}}]"
  }
},
{
  "model": "admin.logentry",
  "pk": 208,
  "fields": {
    "action_time": "2025-07-19T10:52:02.507Z",
    "user": 2,
    "content_type": 10,
    "object_id": "89",
    "object_repr": "Who was the highest wicket-taker in 2023 ODI World Cup?",
    "action_flag": 1,
    "change_message": "[{\"added\": {}}]"
  }
},
{
  "model": "admin.logentry",
  "pk": 209,
  "fields": {
    "action_time": "2025-07-19T10:52:30.167Z",
    "user": 2,
    "content_type": 10,
    "object_id": "90",
    "object_repr": "What’s the term for 3 wickets in 3 balls?",
    "action_flag": 1,
    "change_message": "[{\"added\": {}}]"
  }
},
{
  "model": "admin.logentry",
  "pk": 210,
  "fields": {
    "action_time": "2025-07-19T10:53:05.747Z",
    "user": 2,
    "content_type": 10,
    "object_id": "91",
    "object_repr": "Who owns the record for most runs in Women’s ODIs?",
    "action_flag": 1,
    "change_message": "[{\"added\": {}}]"
  }
},
{
  "model": "admin.logentry",
  "pk": 211,
  "fields": {
    "action_time": "2025-07-19T10:53:42.663Z",
    "user": 2,
    "content_type": 10,
    "object_id": "92",
    "object_repr": "Who became the first bowler to take a T20I hat-trick in the 2024 T20 World Cup?",
    "action_flag": 1,
    "change_message": "[{\"added\": {}}]"
  }
},
{
  "model": "admin.logentry",
  "pk": 212,
  "fields": {
    "action_time": "2025-07-19T10:54:12.035Z",
    "user": 2,
    "content_type": 10,
    "object_id": "93",
    "object_repr": "Which cricketer holds the highest career batting average in ODIs (min 50 inns)?",
    "action_flag": 1,
    "change_message": "[{\"added\": {}}]"
  }
},
{
  "model": "admin.logentry",
  "pk": 213,
  "fields": {
    "action_time": "2025-07-19T10:54:41.195Z",
    "user": 2,
    "content_type": 10,
    "object_id": "94",
    "object_repr": "What’s the minimum boundary size allowed in international cricket (as per ICC)?",
    "action_flag": 1,
    "change_message": "[{\"added\": {}}]"
  }
},
{
  "model": "admin.logentry",
  "pk": 214,
  "fields": {
    "action_time": "2025-07-19T10:55:11.635Z",
    "user": 2,
    "content_type": 10,
    "object_id": "95",
    "object_repr": "Which Indian domestic team won the Ranji Trophy 2023–24?",
    "action_flag": 1,
    "change_message": "[{\"added\": {}}]"
  }
},
{
  "model": "admin.logentry",
  "pk": 215,
  "fields": {
    "action_time": "2025-07-19T10:55:51.347Z",
    "user": 2,
    "content_type": 10,
    "object_id": "96",
    "object_repr": "Who was the leading run scorer in The Hundred 2024 (Men’s)?",
    "action_flag": 1,
    "change_message": "[{\"added\": {}}]"
  }
},
{
  "model": "admin.logentry",
  "pk": 216,
  "fields": {
    "action_time": "2025-07-19T10:56:29.147Z",
    "user": 2,
    "content_type": 10,
    "object_id": "97",
    "object_repr": "Which country hosted the 2025 ICC U-19 World Cup?",
    "action_flag": 1,
    "change_message": "[{\"added\": {}}]"
  }
},
{
  "model": "admin.logentry",
  "pk": 217,
  "fields": {
    "action_time": "2025-07-19T10:57:03.539Z",
    "user": 2,
    "content_type": 10,
    "object_id": "98",
    "object_repr": "Which player won the Arjuna Award in 2024 for cricket?",
    "action_flag": 1,
    "change_message": "[{\"added\": {}}]"
  }
},
{
  "model": "admin.logentry",
  "pk": 218,
  "fields": {
    "action_time": "2025-07-19T10:57:34.031Z",
    "user": 2,
    "content_type": 10,
    "object_id": "99",
    "object_repr": "Who is the only bowler to take 4 wickets in 4 balls twice in T20Is?",
    "action_flag": 1,
    "change_message": "[{\"added\": {}}]"
  }
},
{
  "model": "admin.logentry",
  "pk": 219,
  "fields": {
    "action_time": "2025-07-19T10:58:01.506Z",
    "user": 2,
    "content_type": 10,
    "object_id": "100",
    "object_repr": "Which franchise had the worst net run rate in IPL 2025?",
    "action_flag": 1,
    "change_message": "[{\"added\": {}}]"
  }
},
{
  "model": "admin.logentry",
  "pk": 220,
  "fields": {
    "action_time": "2025-07-19T10:58:35.172Z",
    "user": 2,
    "content_type": 10,
    "object_id": "101",
    "object_repr": "Which Indian umpire officiated in the 2025 WTC Final?",
    "action_flag": 1,
    "change_message": "[{\"added\": {}}]"
  }
},
{
  "model": "admin.logentry",
  "pk": 221,
  "fields": {
    "action_time": "2025-07-19T11:51:27.306Z",
    "user": 2,
    "content_type": 11,
    "object_id": "119",
    "object_repr": "jethalal - (6/10)",
    "action_flag": 3,
    "change_message": ""
  }
},
{
  "model": "admin.logentry",
  "pk": 222,
  "fields": {
    "action_time": "2025-07-19T11:51:27.306Z",
    "user": 2,
    "content_type": 11,
    "object_id": "118",
    "object_repr": "jethalal - (9/10)",
    "action_flag": 3,
    "change_message": ""
  }
},
{
  "model": "admin.logentry",
  "pk": 223,
  "fields": {
    "action_time": "2025-07-19T11:51:27.306Z",
    "user": 2,
    "content_type": 11,
    "object_id": "117",
    "object_repr": "jethalal - (10/10)",
    "action_flag": 3,
    "change_message": ""
  }
},
{
  "model": "admin.logentry",
  "pk": 224,
  "fields": {
    "action_time": "2025-07-19T11:51:27.306Z",
    "user": 2,
    "content_type": 11,
    "object_id": "116",
    "object_repr": "jethalal - (5/10)",
    "action_flag": 3,
    "change_message": ""
  }
},
{
  "model": "admin.logentry",
  "pk": 225,
  "fields": {
    "action_time": "2025-07-19T11:51:27.306Z",
    "user": 2,
    "content_type": 11,
    "object_id": "115",
    "object_repr": "jethalal - (7/10)",
    "action_flag": 3,
    "change_message": ""
  }
},
{
  "model": "admin.logentry",
  "pk": 226,
  "fields": {
    "action_time": "2025-07-19T11:51:27.306Z",
    "user": 2,
    "content_type": 11,
    "object_id": "114",
    "object_repr": "jethalal - (7/101)",
    "action_flag": 3,
    "change_message": ""
  }
},
{
  "model": "admin.logentry",
  "pk": 227,
  "fields": {
    "action_time": "2025-07-19T11:51:27.306Z",
    "user": 2,
    "content_type": 11,
    "object_id": "113",
    "object_repr": "jethalal - (5/71)",
    "action_flag": 3,
    "change_message": ""
  }
},
{
  "model": "admin.logentry",
  "pk": 228,
  "fields": {
    "action_time": "2025-07-19T13:25:09.531Z",
    "user": 2,
    "content_type": 19,
    "object_id": "1",
    "object_repr": "Quiz Master",
    "action_flag": 1,
    "change_message": "[{\"added\": {}}]"
  }
},
{
  "model": "admin.logentry",
  "pk": 229,
  "fields": {
    "action_time": "2025-07-19T14:32:02.429Z",
    "user": 2,
    "content_type": 19,
    "object_id": "1",
    "object_repr": "Quiz Master",
    "action_flag": 3,
    "change_message": ""
  }
},
{
  "model": "admin.logentry",
  "pk": 230,
  "fields": {
    "action_time": "2025-07-19T14:32:22.410Z",
    "user": 2,
    "content_type": 19,
    "object_id": "2",
    "object_repr": "jethalal",
    "action_flag": 1,
    "change_message": "[{\"added\": {}}]"
  }
},
{
  "model": "admin.logentry",
  "pk": 231,
  "fields": {
    "action_time": "2025-07-20T15:08:00.024Z",
    "user": 4,
    "content_type": 18,
    "object_id": "1",
    "object_repr": "siddharth2512 - jethalal",
    "action_flag": 1,
    "change_message": "[{\"added\": {}}]"
  }
},
{
  "model": "admin.logentry",
  "pk": 232,
  "fields": {
    "action_time": "2025-07-20T15:15:35.148Z",
    "user": 4,
    "content_type": 19,
    "object_id": "2",
    "object_repr": "jethalal",
    "action_flag": 3,
    "change_message": ""
  }
},
{
  "model": "admin.logentry",
  "pk": 233,
  "fields": {
    "action_time": "2025-07-20T15:17:25.782Z",
    "user": 4,
    "content_type": 19,
    "object_id": "3",
    "object_repr": "First Blood",
    "action_flag": 1,
    "change_message": "[{\"added\": {}}]"
  }
},
{
  "model": "admin.logentry",
  "pk": 234,
  "fields": {
    "action_time": "2025-07-20T15:17:42.227Z",
    "user": 4,
    "content_type": 19,
    "object_id": "4",
    "object_repr": "Quiz Grinder",
    "action_flag": 1,
    "change_message": "[{\"added\": {}}]"
  }
},
{
  "model": "admin.logentry",
  "pk": 235,
  "fields": {
    "action_time": "2025-07-20T15:18:06.007Z",
    "user": 4,
    "content_type": 19,
    "object_id": "5",
    "object_repr": "Quiz Addict",
    "action_flag": 1,
    "change_message": "[{\"added\": {}}]"
  }
},
{
  "model": "admin.logentry",
  "pk": 236,
  "fields": {
    "action_time": "2025-07-20T15:18:20.450Z",
    "user": 4,
    "content_type": 19,
    "object_id": "6",
    "object_repr": "Quiz Master",
    "action_flag": 1,
    "change_message": "[{\"added\": {}}]"
  }
},
{
  "model": "admin.logentry",
  "pk": 237,
  "fields": {
    "action_time": "2025-07-20T15:18:40.182Z",
    "user": 4,
    "content_type": 19,
    "object_id": "7",
    "object_repr": "Quiz God",
    "action_flag": 1,
    "change_message": "[{\"added\": {}}]"
  }
},
{
  "model": "admin.logentry",
  "pk": 238,
  "fields": {
    "action_time": "2025-07-20T15:18:59.826Z",
    "user": 4,
    "content_type": 19,
    "object_id": "8",
    "object_repr": "Flop Show",
    "action_flag": 1,
    "change_message": "[{\"added\": {}}]"
  }
},
{
  "model": "admin.logentry",
  "pk": 239,
  "fields": {
    "action_time": "2025-07-20T15:19:17.125Z",
    "user": 4,
    "content_type": 19,
    "object_id": "9",
    "object_repr": "On Fire",
    "action_flag": 1,
    "change_message": "[{\"added\": {}}]"
  }
},
{
  "model": "admin.logentry",
  "pk": 240,
  "fields": {
    "action_time": "2025-07-20T15:19:36.628Z",
    "user": 4,
    "content_type": 19,
    "object_id": "10",
    "object_repr": "Unstoppable",
    "action_flag": 1,
    "change_message": "[{\"added\": {}}]"
  }
},
{
  "model": "admin.logentry",
  "pk": 241,
  "fields": {
    "action_time": "2025-07-20T15:19:58.398Z",
    "user": 4,
    "content_type": 19,
    "object_id": "11",
    "object_repr": "Comeback King",
    "action_flag": 1,
    "change_message": "[{\"added\": {}}]"
  }
},
{
  "model": "admin.logentry",
  "pk": 242,
  "fields": {
    "action_time": "2025-07-20T15:20:19.182Z",
    "user": 4,
    "content_type": 19,
    "object_id": "12",
    "object_repr": "Bounce Back",
    "action_flag": 1,
    "change_message": "[{\"added\": {}}]"
  }
},
{
  "model": "admin.logentry",
  "pk": 243,
  "fields": {
    "action_time": "2025-07-20T15:20:36.698Z",
    "user": 4,
    "content_type": 19,
    "object_id": "13",
    "object_repr": "Easy Peasy",
    "action_flag": 1,
    "change_message": "[{\"added\": {}}]"
  }
},
{
  "model": "admin.logentry",
  "pk": 244,
  "fields": {
    "action_time": "2025-07-20T15:20:56.045Z",
    "user": 4,
    "content_type": 19,
    "object_id": "14",
    "object_repr": "Tough Cookie",
    "action_flag": 1,
    "change_message": "[{\"added\": {}}]"
  }
},
{
  "model": "admin.logentry",
  "pk": 245,
  "fields": {
    "action_time": "2025-07-20T15:21:23.060Z",
    "user": 4,
    "content_type": 19,
    "object_id": "15",
    "object_repr": "Never Give Up",
    "action_flag": 1,
    "change_message": "[{\"added\": {}}]"
  }
},
{
  "model": "admin.logentry",
  "pk": 246,
  "fields": {
    "action_time": "2025-07-20T15:29:22.349Z",
    "user": 4,
    "content_type": 18,
    "object_id": "4",
    "object_repr": "siddharth2512 - On Fire",
    "action_flag": 3,
    "change_message": ""
  }
},
{
  "model": "admin.logentry",
  "pk": 247,
  "fields": {
    "action_time": "2025-07-20T15:29:22.349Z",
    "user": 4,
    "content_type": 18,
    "object_id": "3",
    "object_repr": "siddharth2512 - Quiz God",
    "action_flag": 3,
    "change_message": ""
  }
},
{
  "model": "admin.logentry",
  "pk": 248,
  "fields": {
    "action_time": "2025-07-20T15:29:22.349Z",
    "user": 4,
    "content_type": 18,
    "object_id": "2",
    "object_repr": "siddharth2512 - Quiz Master",
    "action_flag": 3,
    "change_message": ""
  }
},
{
  "model": "admin.logentry",
  "pk": 249,
  "fields": {
    "action_time": "2025-07-20T15:33:21.985Z",
    "user": 4,
    "content_type": 18,
    "object_id": "7",
    "object_repr": "siddharth2512 - On Fire",
    "action_flag": 3,
    "change_message": ""
  }
},
{
  "model": "admin.logentry",
  "pk": 250,
  "fields": {
    "action_time": "2025-07-20T15:33:21.985Z",
    "user": 4,
    "content_type": 18,
    "object_id": "6",
    "object_repr": "siddharth2512 - Quiz God",
    "action_flag": 3,
    "change_message": ""
  }
},
{
  "model": "admin.logentry",
  "pk": 251,
  "fields": {
    "action_time": "2025-07-20T15:33:21.985Z",
    "user": 4,
    "content_type": 18,
    "object_id": "5",
    "object_repr": "siddharth2512 - Quiz Master",
    "action_flag": 3,
    "change_message": ""
  }
},
{
  "model": "admin.logentry",
  "pk": 252,
  "fields": {
    "action_time": "2025-07-20T15:37:27.306Z",
    "user": 4,
    "content_type": 18,
    "object_id": "11",
    "object_repr": "siddharth2512 - Unstoppable",
    "action_flag": 3,
    "change_message": ""
  }
},
{
  "model": "admin.logentry",
  "pk": 253,
  "fields": {
    "action_time": "2025-07-20T15:37:27.307Z",
    "user": 4,
    "content_type": 18,
    "object_id": "10",
    "object_repr": "siddharth2512 - On Fire",
    "action_flag": 3,
    "change_message": ""
  }
},
{
  "model": "admin.logentry",
  "pk": 254,
  "fields": {
    "action_time": "2025-07-20T15:37:27.307Z",
    "user": 4,
    "content_type": 18,
    "object_id": "9",
    "object_repr": "siddharth2512 - Quiz God",
    "action_flag": 3,
    "change_message": ""
  }
},
{
  "model": "admin.logentry",
  "pk": 255,
  "fields": {
    "action_time": "2025-07-20T15:37:27.307Z",
    "user": 4,
    "content_type": 18,
    "object_id": "8",
    "object_repr": "siddharth2512 - Quiz Master",
    "action_flag": 3,
    "change_message": ""
  }
},
{
  "model": "admin.logentry",
  "pk": 256,
  "fields": {
    "action_time": "2025-07-20T15:46:05.914Z",
    "user": 4,
    "content_type": 18,
    "object_id": "14",
    "object_repr": "siddharth2512 - Unstoppable",
    "action_flag": 3,
    "change_message": ""
  }
},
{
  "model": "admin.logentry",
  "pk": 257,
  "fields": {
    "action_time": "2025-07-20T15:46:05.914Z",
    "user": 4,
    "content_type": 18,
    "object_id": "13",
    "object_repr": "siddharth2512 - On Fire",
    "action_flag": 3,
    "change_message": ""
  }
},
{
  "model": "admin.logentry",
  "pk": 258,
  "fields": {
    "action_time": "2025-07-20T15:46:05.914Z",
    "user": 4,
    "content_type": 18,
    "object_id": "12",
    "object_repr": "siddharth2512 - Quiz Master",
    "action_flag": 3,
    "change_message": ""
  }
},
{
  "model": "admin.logentry",
  "pk": 259,
  "fields": {
    "action_time": "2025-07-20T15:51:48.522Z",
    "user": 4,
    "content_type": 18,
    "object_id": "18",
    "object_repr": "siddharth2512 - Unstoppable",
    "action_flag": 3,
    "change_message": ""
  }
},
{
  "model": "admin.logentry",
  "pk": 260,
  "fields": {
    "action_time": "2025-07-20T15:51:48.522Z",
    "user": 4,
    "content_type": 18,
    "object_id": "17",
    "object_repr": "siddharth2512 - On Fire",
    "action_flag": 3,
    "change_message": ""
  }
},
{
  "model": "admin.logentry",
  "pk": 261,
  "fields": {
    "action_time": "2025-07-20T15:51:48.522Z",
    "user": 4,
    "content_type": 18,
    "object_id": "16",
    "object_repr": "siddharth2512 - Quiz God",
    "action_flag": 3,
    "change_message": ""
  }
},
{
  "model": "admin.logentry",
  "pk": 262,
  "fields": {
    "action_time": "2025-07-20T15:51:48.522Z",
    "user": 4,
    "content_type": 18,
    "object_id": "15",
    "object_repr": "siddharth2512 - Quiz Master",
    "action_flag": 3,
    "change_message": ""
  }
},
{
  "model": "admin.logentry",
  "pk": 263,
  "fields": {
    "action_time": "2025-07-20T15:56:57.763Z",
    "user": 4,
    "content_type": 18,
    "object_id": "22",
    "object_repr": "siddharth2512 - Unstoppable",
    "action_flag": 3,
    "change_message": ""
  }
},
{
  "model": "admin.logentry",
  "pk": 264,
  "fields": {
    "action_time": "2025-07-20T15:56:57.763Z",
    "user": 4,
    "content_type": 18,
    "object_id": "21",
    "object_repr": "siddharth2512 - On Fire",
    "action_flag": 3,
    "change_message": ""
  }
},
{
  "model": "admin.logentry",
  "pk": 265,
  "fields": {
    "action_time": "2025-07-20T15:56:57.763Z",
    "user": 4,
    "content_type": 18,
    "object_id": "20",
    "object_repr": "siddharth2512 - Quiz God",
    "action_flag": 3,
    "change_message": ""
  }
},
{
  "model": "admin.logentry",
  "pk": 266,
  "fields": {
    "action_time": "2025-07-20T15:56:57.763Z",
    "user": 4,
    "content_type": 18,
    "object_id": "19",
    "object_repr": "siddharth2512 - Quiz Master",
    "action_flag": 3,
    "change_message": ""
  }
},
{
  "model": "admin.logentry",
  "pk": 267,
  "fields": {
    "action_time": "2025-07-20T15:59:43.748Z",
    "user": 4,
    "content_type": 18,
    "object_id": "26",
    "object_repr": "siddharth2512 - Unstoppable",
    "action_flag": 3,
    "change_message": ""
  }
},
{
  "model": "admin.logentry",
  "pk": 268,
  "fields": {
    "action_time": "2025-07-20T15:59:43.748Z",
    "user": 4,
    "content_type": 18,
    "object_id": "25",
    "object_repr": "siddharth2512 - On Fire",
    "action_flag": 3,
    "change_message": ""
  }
},
{
  "model": "admin.logentry",
  "pk": 269,
  "fields": {
    "action_time": "2025-07-20T15:59:43.748Z",
    "user": 4,
    "content_type": 18,
    "object_id": "24",
    "object_repr": "siddharth2512 - Quiz God",
    "action_flag": 3,
    "change_message": ""
  }
},
{
  "model": "admin.logentry",
  "pk": 270,
  "fields": {
    "action_time": "2025-07-20T15:59:43.748Z",
    "user": 4,
    "content_type": 18,
    "object_id": "23",
    "object_repr": "siddharth2512 - Quiz Master",
    "action_flag": 3,
    "change_message": ""
  }
},
{
  "model": "admin.logentry",
  "pk": 271,
  "fields": {
    "action_time": "2025-07-20T16:13:23.203Z",
    "user": 4,
    "content_type": 18,
    "object_id": "31",
    "object_repr": "siddharth2512 - Quiz God",
    "action_flag": 3,
    "change_message": ""
  }
},
{
  "model": "admin.logentry",
  "pk": 272,
  "fields": {
    "action_time": "2025-07-20T16:13:23.203Z",
    "user": 4,
    "content_type": 18,
    "object_id": "30",
    "object_repr": "siddharth2512 - Quiz Addict",
    "action_flag": 3,
    "change_message": ""
  }
},
{
  "model": "admin.logentry",
  "pk": 273,
  "fields": {
    "action_time": "2025-07-20T16:13:23.203Z",
    "user": 4,
    "content_type": 18,
    "object_id": "29",
    "object_repr": "siddharth2512 - Unstoppable",
    "action_flag": 3,
    "change_message": ""
  }
},
{
  "model": "admin.logentry",
  "pk": 274,
  "fields": {
    "action_time": "2025-07-20T16:13:23.203Z",
    "user": 4,
    "content_type": 18,
    "object_id": "28",
    "object_repr": "siddharth2512 - On Fire",
    "action_flag": 3,
    "change_message": ""
  }
},
{
  "model": "admin.logentry",
  "pk": 275,
  "fields": {
    "action_time": "2025-07-20T16:13:23.203Z",
    "user": 4,
    "content_type": 18,
    "object_id": "27",
    "object_repr": "siddharth2512 - Quiz Master",
    "action_flag": 3,
    "change_message": ""
  }
},
{
  "model": "admin.logentry",
  "pk": 276,
  "fields": {
    "action_time": "2025-07-20T16:16:23.169Z",
    "user": 4,
    "content_type": 18,
    "object_id": "35",
    "object_repr": "siddharth2512 - Unstoppable",
    "action_flag": 3,
    "change_message": ""
  }
},
{
  "model": "admin.logentry",
  "pk": 277,
  "fields": {
    "action_time": "2025-07-20T16:16:23.169Z",
    "user": 4,
    "content_type": 18,
    "object_id": "34",
    "object_repr": "siddharth2512 - On Fire",
    "action_flag": 3,
    "change_message": ""
  }
},
{
  "model": "admin.logentry",
  "pk": 278,
  "fields": {
    "action_time": "2025-07-20T16:16:23.169Z",
    "user": 4,
    "content_type": 18,
    "object_id": "33",
    "object_repr": "siddharth2512 - Quiz God",
    "action_flag": 3,
    "change_message": ""
  }
},
{
  "model": "admin.logentry",
  "pk": 279,
  "fields": {
    "action_time": "2025-07-20T16:16:23.169Z",
    "user": 4,
    "content_type": 18,
    "object_id": "32",
    "object_repr": "siddharth2512 - Quiz Master",
    "action_flag": 3,
    "change_message": ""
  }
},
{
  "model": "admin.logentry",
  "pk": 280,
  "fields": {
    "action_time": "2025-07-20T16:17:45.187Z",
    "user": 4,
    "content_type": 18,
    "object_id": "39",
    "object_repr": "siddharth2512 - Unstoppable",
    "action_flag": 3,
    "change_message": ""
  }
},
{
  "model": "admin.logentry",
  "pk": 281,
  "fields": {
    "action_time": "2025-07-20T16:17:45.187Z",
    "user": 4,
    "content_type": 18,
    "object_id": "38",
    "object_repr": "siddharth2512 - On Fire",
    "action_flag": 3,
    "change_message": ""
  }
},
{
  "model": "admin.logentry",
  "pk": 282,
  "fields": {
    "action_time": "2025-07-20T16:17:45.187Z",
    "user": 4,
    "content_type": 18,
    "object_id": "37",
    "object_repr": "siddharth2512 - Quiz God",
    "action_flag": 3,
    "change_message": ""
  }
},
{
  "model": "admin.logentry",
  "pk": 283,
  "fields": {
    "action_time": "2025-07-20T16:17:45.187Z",
    "user": 4,
    "content_type": 18,
    "object_id": "36",
    "object_repr": "siddharth2512 - Quiz Master",
    "action_flag": 3,
    "change_message": ""
  }
},
{
  "model": "admin.logentry",
  "pk": 284,
  "fields": {
    "action_time": "2025-07-20T16:25:04.492Z",
    "user": 4,
    "content_type": 11,
    "object_id": "154",
    "object_repr": "siddharth2512 - (10/10)",
    "action_flag": 3,
    "change_message": ""
  }
},
{
  "model": "admin.logentry",
  "pk": 285,
  "fields": {
    "action_time": "2025-07-20T16:25:04.492Z",
    "user": 4,
    "content_type": 11,
    "object_id": "153",
    "object_repr": "siddharth2512 - (10/10)",
    "action_flag": 3,
    "change_message": ""
  }
},
{
  "model": "admin.logentry",
  "pk": 286,
  "fields": {
    "action_time": "2025-07-20T16:25:04.492Z",
    "user": 4,
    "content_type": 11,
    "object_id": "152",
    "object_repr": "siddharth2512 - (10/10)",
    "action_flag": 3,
    "change_message": ""
  }
},
{
  "model": "admin.logentry",
  "pk": 287,
  "fields": {
    "action_time": "2025-07-20T16:25:04.492Z",
    "user": 4,
    "content_type": 11,
    "object_id": "151",
    "object_repr": "siddharth2512 - (10/10)",
    "action_flag": 3,
    "change_message": ""
  }
},
{
  "model": "admin.logentry",
  "pk": 288,
  "fields": {
    "action_time": "2025-07-20T16:25:04.492Z",
    "user": 4,
    "content_type": 11,
    "object_id": "150",
    "object_repr": "siddharth2512 - (10/10)",
    "action_flag": 3,
    "change_message": ""
  }
},
{
  "model": "admin.logentry",
  "pk": 289,
  "fields": {
    "action_time": "2025-07-20T16:25:04.492Z",
    "user": 4,
    "content_type": 11,
    "object_id": "149",
    "object_repr": "siddharth2512 - (10/10)",
    "action_flag": 3,
    "change_message": ""
  }
},
{
  "model": "admin.logentry",
  "pk": 290,
  "fields": {
    "action_time": "2025-07-20T16:25:04.492Z",
    "user": 4,
    "content_type": 11,
    "object_id": "148",
    "object_repr": "siddharth2512 - (10/10)",
    "action_flag": 3,
    "change_message": ""
  }
},
{
  "model": "admin.logentry",
  "pk": 291,
  "fields": {
    "action_time": "2025-07-20T16:25:04.492Z",
    "user": 4,
    "content_type": 11,
    "object_id": "147",
    "object_repr": "siddharth2512 - (9/10)",
    "action_flag": 3,
    "change_message": ""
  }
},
{
  "model": "admin.logentry",
  "pk": 292,
  "fields": {
    "action_time": "2025-07-20T16:25:04.492Z",
    "user": 4,
    "content_type": 11,
    "object_id": "146",
    "object_repr": "siddharth2512 - (9/10)",
    "action_flag": 3,
    "change_message": ""
  }
},
{
  "model": "admin.logentry",
  "pk": 293,
  "fields": {
    "action_time": "2025-07-20T16:25:04.492Z",
    "user": 4,
    "content_type": 11,
    "object_id": "145",
    "object_repr": "siddharth2512 - (8/10)",
    "action_flag": 3,
    "change_message": ""
  }
},
{
  "model": "admin.logentry",
  "pk": 294,
  "fields": {
    "action_time": "2025-07-20T16:25:04.492Z",
    "user": 4,
    "content_type": 11,
    "object_id": "144",
    "object_repr": "siddharth2512 - (10/10)",
    "action_flag": 3,
    "change_message": ""
  }
},
{
  "model": "admin.logentry",
  "pk": 295,
  "fields": {
    "action_time": "2025-07-20T16:25:04.492Z",
    "user": 4,
    "content_type": 11,
    "object_id": "143",
    "object_repr": "siddharth2512 - (10/10)",
    "action_flag": 3,
    "change_message": ""
  }
},
{
  "model": "admin.logentry",
  "pk": 296,
  "fields": {
    "action_time": "2025-07-20T16:25:04.492Z",
    "user": 4,
    "content_type": 11,
    "object_id": "142",
    "object_repr": "siddharth2512 - (10/10)",
    "action_flag": 3,
    "change_message": ""
  }
},
{
  "model": "admin.logentry",
  "pk": 297,
  "fields": {
    "action_time": "2025-07-20T16:25:04.492Z",
    "user": 4,
    "content_type": 11,
    "object_id": "141",
    "object_repr": "siddharth2512 - (10/10)",
    "action_flag": 3,
    "change_message": ""
  }
},
{
  "model": "admin.logentry",
  "pk": 298,
  "fields": {
    "action_time": "2025-07-20T16:25:04.492Z",
    "user": 4,
    "content_type": 11,
    "object_id": "140",
    "object_repr": "siddharth2512 - (10/10)",
    "action_flag": 3,
    "change_message": ""
  }
},
{
  "model": "admin.logentry",
  "pk": 299,
  "fields": {
    "action_time": "2025-07-20T16:25:04.492Z",
    "user": 4,
    "content_type": 11,
    "object_id": "139",
    "object_repr": "siddharth2512 - (10/10)",
    "action_flag": 3,
    "change_message": ""
  }
},
{
  "model": "admin.logentry",
  "pk": 300,
  "fields": {
    "action_time": "2025-07-20T16:25:04.492Z",
    "user": 4,
    "content_type": 11,
    "object_id": "138",
    "object_repr": "siddharth2512 - (9/10)",
    "action_flag": 3,
    "change_message": ""
  }
},
{
  "model": "admin.logentry",
  "pk": 301,
  "fields": {
    "action_time": "2025-07-20T16:25:04.492Z",
    "user": 4,
    "content_type": 11,
    "object_id": "137",
    "object_repr": "siddharth2512 - (10/10)",
    "action_flag": 3,
    "change_message": ""
  }
},
{
  "model": "admin.logentry",
  "pk": 302,
  "fields": {
    "action_time": "2025-07-20T16:25:04.492Z",
    "user": 4,
    "content_type": 11,
    "object_id": "136",
    "object_repr": "siddharth2512 - (10/10)",
    "action_flag": 3,
    "change_message": ""
  }
},
{
  "model": "admin.logentry",
  "pk": 303,
  "fields": {
    "action_time": "2025-07-20T16:25:04.492Z",
    "user": 4,
    "content_type": 11,
    "object_id": "135",
    "object_repr": "siddharth2512 - (10/10)",
    "action_flag": 3,
    "change_message": ""
  }
},
{
  "model": "admin.logentry",
  "pk": 304,
  "fields": {
    "action_time": "2025-07-20T16:25:04.492Z",
    "user": 4,
    "content_type": 11,
    "object_id": "134",
    "object_repr": "siddharth2512 - (10/10)",
    "action_flag": 3,
    "change_message": ""
  }
},
{
  "model": "admin.logentry",
  "pk": 305,
  "fields": {
    "action_time": "2025-07-20T16:25:04.493Z",
    "user": 4,
    "content_type": 11,
    "object_id": "133",
    "object_repr": "siddharth2512 - (9/10)",
    "action_flag": 3,
    "change_message": ""
  }
},
{
  "model": "admin.logentry",
  "pk": 306,
  "fields": {
    "action_time": "2025-07-20T16:25:04.493Z",
    "user": 4,
    "content_type": 11,
    "object_id": "132",
    "object_repr": "siddharth2512 - (10/10)",
    "action_flag": 3,
    "change_message": ""
  }
},
{
  "model": "admin.logentry",
  "pk": 307,
  "fields": {
    "action_time": "2025-07-20T16:25:04.493Z",
    "user": 4,
    "content_type": 11,
    "object_id": "131",
    "object_repr": "siddharth2512 - (6/10)",
    "action_flag": 3,
    "change_message": ""
  }
},
{
  "model": "admin.logentry",
  "pk": 308,
  "fields": {
    "action_time": "2025-07-20T16:25:04.493Z",
    "user": 4,
    "content_type": 11,
    "object_id": "130",
    "object_repr": "siddharth2512 - (1/10)",
    "action_flag": 3,
    "change_message": ""
  }
},
{
  "model": "admin.logentry",
  "pk": 309,
  "fields": {
    "action_time": "2025-07-20T16:25:04.493Z",
    "user": 4,
    "content_type": 11,
    "object_id": "129",
    "object_repr": "siddharth2512 - (2/10)",
    "action_flag": 3,
    "change_message": ""
  }
},
{
  "model": "admin.logentry",
  "pk": 310,
  "fields": {
    "action_time": "2025-07-20T16:25:04.493Z",
    "user": 4,
    "content_type": 11,
    "object_id": "128",
    "object_repr": "siddharth2512 - (9/10)",
    "action_flag": 3,
    "change_message": ""
  }
},
{
  "model": "admin.logentry",
  "pk": 311,
  "fields": {
    "action_time": "2025-07-20T16:25:04.493Z",
    "user": 4,
    "content_type": 11,
    "object_id": "127",
    "object_repr": "siddharth2512 - (8/10)",
    "action_flag": 3,
    "change_message": ""
  }
},
{
  "model": "admin.logentry",
  "pk": 312,
  "fields": {
    "action_time": "2025-07-20T16:25:04.493Z",
    "user": 4,
    "content_type": 11,
    "object_id": "126",
    "object_repr": "jethalal - (10/10)",
    "action_flag": 3,
    "change_message": ""
  }
},
{
  "model": "admin.logentry",
  "pk": 313,
  "fields": {
    "action_time": "2025-07-20T16:25:04.493Z",
    "user": 4,
    "content_type": 11,
    "object_id": "125",
    "object_repr": "jethalal - (10/10)",
    "action_flag": 3,
    "change_message": ""
  }
},
{
  "model": "admin.logentry",
  "pk": 314,
  "fields": {
    "action_time": "2025-07-20T16:25:04.493Z",
    "user": 4,
    "content_type": 11,
    "object_id": "124",
    "object_repr": "jethalal - (8/10)",
    "action_flag": 3,
    "change_message": ""
  }
},
{
  "model": "admin.logentry",
  "pk": 315,
  "fields": {
    "action_time": "2025-07-20T16:25:04.493Z",
    "user": 4,
    "content_type": 11,
    "object_id": "123",
    "object_repr": "jethalal - (10/10)",
    "action_flag": 3,
    "change_message": ""
  }
},
{
  "model": "admin.logentry",
  "pk": 316,
  "fields": {
    "action_time": "2025-07-20T16:25:04.493Z",
    "user": 4,
    "content_type": 11,
    "object_id": "122",
    "object_repr": "jethalal - (9/10)",
    "action_flag": 3,
    "change_message": ""
  }
},
{
  "model": "admin.logentry",
  "pk": 317,
  "fields": {
    "action_time": "2025-07-20T16:25:04.493Z",
    "user": 4,
    "content_type": 11,
    "object_id": "121",
    "object_repr": "jethalal - (10/10)",
    "action_flag": 3,
    "change_message": ""
  }
},
{
  "model": "admin.logentry",
  "pk": 318,
  "fields": {
    "action_time": "2025-07-20T16:25:04.493Z",
    "user": 4,
    "content_type": 11,
    "object_id": "120",
    "object_repr": "jethalal - (10/10)",
    "action_flag": 3,
    "change_message": ""
  }
},
{
  "model": "admin.logentry",
  "pk": 319,
  "fields": {
    "action_time": "2025-07-20T16:25:15.026Z",
    "user": 4,
    "content_type": 18,
    "object_id": "43",
    "object_repr": "siddharth2512 - Unstoppable",
    "action_flag": 3,
    "change_message": ""
  }
},
{
  "model": "admin.logentry",
  "pk": 320,
  "fields": {
    "action_time": "2025-07-20T16:25:15.026Z",
    "user": 4,
    "content_type": 18,
    "object_id": "42",
    "object_repr": "siddharth2512 - On Fire",
    "action_flag": 3,
    "change_message": ""
  }
},
{
  "model": "admin.logentry",
  "pk": 321,
  "fields": {
    "action_time": "2025-07-20T16:25:15.026Z",
    "user": 4,
    "content_type": 18,
    "object_id": "41",
    "object_repr": "siddharth2512 - Quiz God",
    "action_flag": 3,
    "change_message": ""
  }
},
{
  "model": "admin.logentry",
  "pk": 322,
  "fields": {
    "action_time": "2025-07-20T16:25:15.026Z",
    "user": 4,
    "content_type": 18,
    "object_id": "40",
    "object_repr": "siddharth2512 - Quiz Master",
    "action_flag": 3,
    "change_message": ""
  }
},
{
  "model": "admin.logentry",
  "pk": 323,
  "fields": {
    "action_time": "2025-07-20T16:26:32.037Z",
    "user": 4,
    "content_type": 19,
    "object_id": "16",
    "object_repr": "🥉 Leaderboard Debut",
    "action_flag": 1,
    "change_message": "[{\"added\": {}}]"
  }
},
{
  "model": "admin.logentry",
  "pk": 324,
  "fields": {
    "action_time": "2025-07-20T16:27:00.948Z",
    "user": 4,
    "content_type": 19,
    "object_id": "17",
    "object_repr": "🏅 Top 10 Player",
    "action_flag": 1,
    "change_message": "[{\"added\": {}}]"
  }
},
{
  "model": "admin.logentry",
  "pk": 325,
  "fields": {
    "action_time": "2025-07-20T16:27:20.243Z",
    "user": 4,
    "content_type": 19,
    "object_id": "18",
    "object_repr": "Climbing Fast",
    "action_flag": 1,
    "change_message": "[{\"added\": {}}]"
  }
},
{
  "model": "admin.logentry",
  "pk": 326,
  "fields": {
    "action_time": "2025-07-20T16:27:39.377Z",
    "user": 4,
    "content_type": 19,
    "object_id": "19",
    "object_repr": "Consistent Performer",
    "action_flag": 1,
    "change_message": "[{\"added\": {}}]"
  }
},
{
  "model": "admin.logentry",
  "pk": 327,
  "fields": {
    "action_time": "2025-07-20T16:27:59.487Z",
    "user": 4,
    "content_type": 19,
    "object_id": "20",
    "object_repr": "Rating Machine",
    "action_flag": 1,
    "change_message": "[{\"added\": {}}]"
  }
},
{
  "model": "admin.logentry",
  "pk": 328,
  "fields": {
    "action_time": "2025-07-20T16:28:03.440Z",
    "user": 4,
    "content_type": 19,
    "object_id": "17",
    "object_repr": "Top 10 Player",
    "action_flag": 2,
    "change_message": "[{\"changed\": {\"fields\": [\"Name\"]}}]"
  }
},
{
  "model": "admin.logentry",
  "pk": 329,
  "fields": {
    "action_time": "2025-07-20T16:28:12.017Z",
    "user": 4,
    "content_type": 19,
    "object_id": "17",
    "object_repr": "Top 10 Player",
    "action_flag": 2,
    "change_message": "[]"
  }
},
{
  "model": "admin.logentry",
  "pk": 330,
  "fields": {
    "action_time": "2025-07-20T16:28:16.180Z",
    "user": 4,
    "content_type": 19,
    "object_id": "16",
    "object_repr": "Leaderboard Debut",
    "action_flag": 2,
    "change_message": "[{\"changed\": {\"fields\": [\"Name\"]}}]"
  }
},
{
  "model": "admin.logentry",
  "pk": 331,
  "fields": {
    "action_time": "2025-07-20T16:31:35.651Z",
    "user": 4,
    "content_type": 19,
    "object_id": "16",
    "object_repr": "Leaderboard Debut",
    "action_flag": 2,
    "change_message": "[]"
  }
},
{
  "model": "admin.logentry",
  "pk": 332,
  "fields": {
    "action_time": "2025-07-20T16:45:12.907Z",
    "user": 4,
    "content_type": 18,
    "object_id": "45",
    "object_repr": "siddharth2512 - Quiz Master",
    "action_flag": 3,
    "change_message": ""
  }
},
{
  "model": "admin.logentry",
  "pk": 333,
  "fields": {
    "action_time": "2025-07-20T16:45:12.907Z",
    "user": 4,
    "content_type": 18,
    "object_id": "44",
    "object_repr": "siddharth2512 - First Blood",
    "action_flag": 3,
    "change_message": ""
  }
},
{
  "model": "admin.logentry",
  "pk": 334,
  "fields": {
    "action_time": "2025-07-20T16:45:23.185Z",
    "user": 4,
    "content_type": 11,
    "object_id": "155",
    "object_repr": "siddharth2512 - (9/10)",
    "action_flag": 3,
    "change_message": ""
  }
},
{
  "model": "admin.logentry",
  "pk": 335,
  "fields": {
    "action_time": "2025-07-20T16:54:27.550Z",
    "user": 4,
    "content_type": 18,
    "object_id": "52",
    "object_repr": "siddharth2512 - Consistent Performer",
    "action_flag": 3,
    "change_message": ""
  }
},
{
  "model": "admin.logentry",
  "pk": 336,
  "fields": {
    "action_time": "2025-07-21T17:59:50.087Z",
    "user": 4,
    "content_type": 11,
    "object_id": "162",
    "object_repr": "siddharth2512 - (10/10)",
    "action_flag": 3,
    "change_message": ""
  }
},
{
  "model": "admin.logentry",
  "pk": 337,
  "fields": {
    "action_time": "2025-07-21T17:59:50.087Z",
    "user": 4,
    "content_type": 11,
    "object_id": "161",
    "object_repr": "jethalal - (10/10)",
    "action_flag": 3,
    "change_message": ""
  }
},
{
  "model": "admin.logentry",
  "pk": 338,
  "fields": {
    "action_time": "2025-07-21T17:59:50.087Z",
    "user": 4,
    "content_type": 11,
    "object_id": "160",
    "object_repr": "siddharth2512 - (9/10)",
    "action_flag": 3,
    "change_message": ""
  }
},
{
  "model": "admin.logentry",
  "pk": 339,
  "fields": {
    "action_time": "2025-07-21T17:59:50.087Z",
    "user": 4,
    "content_type": 11,
    "object_id": "159",
    "object_repr": "siddharth2512 - (10/10)",
    "action_flag": 3,
    "change_message": ""
  }
},
{
  "model": "admin.logentry",
  "pk": 340,
  "fields": {
    "action_time": "2025-07-21T17:59:50.087Z",
    "user": 4,
    "content_type": 11,
    "object_id": "158",
    "object_repr": "siddharth2512 - (10/10)",
    "action_flag": 3,
    "change_message": ""
  }
},
{
  "model": "admin.logentry",
  "pk": 341,
  "fields": {
    "action_time": "2025-07-21T17:59:50.087Z",
    "user": 4,
    "content_type": 11,
    "object_id": "157",
    "object_repr": "siddharth2512 - (10/10)",
    "action_flag": 3,
    "change_message": ""
  }
},
{
  "model": "admin.logentry",
  "pk": 342,
  "fields": {
    "action_time": "2025-07-21T17:59:50.087Z",
    "user": 4,
    "content_type": 11,
    "object_id": "156",
    "object_repr": "siddharth2512 - (10/10)",
    "action_flag": 3,
    "change_message": ""
  }
},
{
  "model": "admin.logentry",
  "pk": 343,
  "fields": {
    "action_time": "2025-07-24T16:58:58.919Z",
    "user": 2,
    "content_type": 8,
    "object_id": "3",
    "object_repr": "Which Punjab opener has made the bigger impact this season?",
    "action_flag": 1,
    "change_message": "[{\"added\": {}}, {\"added\": {\"name\": \"option\", \"object\": \"Prabhsimran Singh\"}}, {\"added\": {\"name\": \"option\", \"object\": \"Priyansh Arya\"}}]"
  }
},
{
  "model": "admin.logentry",
  "pk": 344,
  "fields": {
    "action_time": "2025-07-24T16:59:25.875Z",
    "user": 2,
    "content_type": 8,
    "object_id": "4",
    "object_repr": "Which Batting star will finish higher on the Orange Cap Leaderboard?",
    "action_flag": 1,
    "change_message": "[{\"added\": {}}, {\"added\": {\"name\": \"option\", \"object\": \"Virat Kohli\"}}, {\"added\": {\"name\": \"option\", \"object\": \"Shreyas Iyer\"}}]"
  }
},
{
  "model": "admin.logentry",
  "pk": 345,
  "fields": {
    "action_time": "2025-07-24T16:59:52.256Z",
    "user": 2,
    "content_type": 8,
    "object_id": "5",
    "object_repr": "Which Seamer will pose the bigger Wicket-Taking threat in tonight’s Final?",
    "action_flag": 1,
    "change_message": "[{\"added\": {}}, {\"added\": {\"name\": \"option\", \"object\": \"Hazlewood\"}}, {\"added\": {\"name\": \"option\", \"object\": \"Arshdeep\"}}]"
  }
},
{
  "model": "admin.logentry",
  "pk": 346,
  "fields": {
    "action_time": "2025-07-24T17:00:10.904Z",
    "user": 2,
    "content_type": 8,
    "object_id": "6",
    "object_repr": "Who will lift the TATA IPL Trophy for the very first time Tonight?",
    "action_flag": 1,
    "change_message": "[{\"added\": {}}, {\"added\": {\"name\": \"option\", \"object\": \"Royal Challengers Bengaluru\"}}, {\"added\": {\"name\": \"option\", \"object\": \"Punjab Kings\"}}]"
  }
},
{
  "model": "admin.logentry",
  "pk": 347,
  "fields": {
    "action_time": "2025-07-24T17:00:39.608Z",
    "user": 2,
    "content_type": 8,
    "object_id": "7",
    "object_repr": "Which Left Arm Seamer is better at the Death?",
    "action_flag": 1,
    "change_message": "[{\"added\": {}}, {\"added\": {\"name\": \"option\", \"object\": \"Arshdeep Singh\"}}, {\"added\": {\"name\": \"option\", \"object\": \"Trent Boult\"}}]"
  }
},
{
  "model": "admin.logentry",
  "pk": 348,
  "fields": {
    "action_time": "2025-07-24T17:00:56.443Z",
    "user": 2,
    "content_type": 8,
    "object_id": "8",
    "object_repr": "Can Surya Kumar Yadav finish at the top of the Orange Cap Leaderboard?",
    "action_flag": 1,
    "change_message": "[{\"added\": {}}, {\"added\": {\"name\": \"option\", \"object\": \"yes\"}}, {\"added\": {\"name\": \"option\", \"object\": \"no\"}}]"
  }
},
{
  "model": "admin.logentry",
  "pk": 349,
  "fields": {
    "action_time": "2025-07-24T17:01:14.090Z",
    "user": 2,
    "content_type": 8,
    "object_id": "9",
    "object_repr": "Will TATA IPL 2025 be Jasprit Bumrah’s most economical IPL ever?",
    "action_flag": 1,
    "change_message": "[{\"added\": {}}, {\"added\": {\"name\": \"option\", \"object\": \"yes\"}}, {\"added\": {\"name\": \"option\", \"object\": \"no\"}}]"
  }
},
{
  "model": "admin.logentry",
  "pk": 350,
  "fields": {
    "action_time": "2025-07-24T17:01:40.004Z",
    "user": 2,
    "content_type": 8,
    "object_id": "10",
    "object_repr": "Will Surya finish the season with 25 or more runs every game?",
    "action_flag": 1,
    "change_message": "[{\"added\": {}}, {\"added\": {\"name\": \"option\", \"object\": \"yes\"}}, {\"added\": {\"name\": \"option\", \"object\": \"no\"}}]"
  }
},
{
  "model": "admin.logentry",
  "pk": 351,
  "fields": {
    "action_time": "2025-07-24T17:02:10.271Z",
    "user": 2,
    "content_type": 8,
    "object_id": "11",
    "object_repr": "What has been more pleasing for the Titans?",
    "action_flag": 1,
    "change_message": "[{\"added\": {}}, {\"added\": {\"name\": \"option\", \"object\": \"Batters topping the Orange cap table\"}}, {\"added\": {\"name\": \"option\", \"object\": \"Bowlers topping the dot ball chart\"}}]"
  }
},
{
  "model": "admin.logentry",
  "pk": 352,
  "fields": {
    "action_time": "2025-07-24T17:02:43.813Z",
    "user": 2,
    "content_type": 8,
    "object_id": "12",
    "object_repr": "Which wicket-keeper was more impressive in their previous run chase?",
    "action_flag": 1,
    "change_message": "[{\"added\": {}}, {\"added\": {\"name\": \"option\", \"object\": \"Josh Inglis v MI\"}}, {\"added\": {\"name\": \"option\", \"object\": \"Jitesh Sharma v LSG\"}}]"
  }
},
{
  "model": "admin.logentry",
  "pk": 353,
  "fields": {
    "action_time": "2025-07-24T17:03:20.069Z",
    "user": 2,
    "content_type": 8,
    "object_id": "13",
    "object_repr": "Which opening pair has had a bigger impact this season?",
    "action_flag": 1,
    "change_message": "[{\"added\": {}}, {\"added\": {\"name\": \"option\", \"object\": \"Priyansh-Prabhsimran\"}}, {\"added\": {\"name\": \"option\", \"object\": \"Salt-Kohli\"}}]"
  }
},
{
  "model": "admin.logentry",
  "pk": 354,
  "fields": {
    "action_time": "2025-07-24T17:06:43.303Z",
    "user": 2,
    "content_type": 8,
    "object_id": "14",
    "object_repr": "Whose return from injury will have a greater effect tonight?",
    "action_flag": 1,
    "change_message": "[{\"added\": {}}, {\"added\": {\"name\": \"option\", \"object\": \"Y Chahal\"}}, {\"added\": {\"name\": \"option\", \"object\": \"J Hazlewood\"}}]"
  }
},
{
  "model": "admin.logentry",
  "pk": 355,
  "fields": {
    "action_time": "2025-07-24T17:07:01.428Z",
    "user": 2,
    "content_type": 8,
    "object_id": "15",
    "object_repr": "Will we have a first time champion this year?",
    "action_flag": 1,
    "change_message": "[{\"added\": {}}, {\"added\": {\"name\": \"option\", \"object\": \"yes\"}}, {\"added\": {\"name\": \"option\", \"object\": \"no\"}}]"
  }
},
{
  "model": "admin.logentry",
  "pk": 356,
  "fields": {
    "action_time": "2025-07-24T17:07:30.736Z",
    "user": 2,
    "content_type": 8,
    "object_id": "16",
    "object_repr": "Which will have more of an impact on RCB's title ambitions?",
    "action_flag": 1,
    "change_message": "[{\"added\": {}}, {\"added\": {\"name\": \"option\", \"object\": \"The loss of Tim David\"}}, {\"added\": {\"name\": \"option\", \"object\": \"the return of Josh Hazlewood\"}}]"
  }
},
{
  "model": "admin.logentry",
  "pk": 357,
  "fields": {
    "action_time": "2025-07-24T17:07:54.947Z",
    "user": 2,
    "content_type": 8,
    "object_id": "17",
    "object_repr": "Which Indian seamer would you rather have bowling the 20th over?",
    "action_flag": 1,
    "change_message": "[{\"added\": {}}, {\"added\": {\"name\": \"option\", \"object\": \"Avesh Khan\"}}, {\"added\": {\"name\": \"option\", \"object\": \"Yash Dayal\"}}]"
  }
},
{
  "model": "admin.logentry",
  "pk": 358,
  "fields": {
    "action_time": "2025-07-24T17:08:14.512Z",
    "user": 2,
    "content_type": 8,
    "object_id": "18",
    "object_repr": "Will RCB avoid the Eliminator?",
    "action_flag": 1,
    "change_message": "[{\"added\": {}}, {\"added\": {\"name\": \"option\", \"object\": \"yes\"}}, {\"added\": {\"name\": \"option\", \"object\": \"no\"}}]"
  }
},
{
  "model": "admin.logentry",
  "pk": 359,
  "fields": {
    "action_time": "2025-07-24T17:08:36.185Z",
    "user": 2,
    "content_type": 8,
    "object_id": "19",
    "object_repr": "Who is more likely to finish in the top 2?",
    "action_flag": 1,
    "change_message": "[{\"added\": {}}, {\"added\": {\"name\": \"option\", \"object\": \"PBKS\"}}, {\"added\": {\"name\": \"option\", \"object\": \"MI\"}}]"
  }
},
{
  "model": "admin.logentry",
  "pk": 360,
  "fields": {
    "action_time": "2025-07-24T17:08:55.474Z",
    "user": 2,
    "content_type": 8,
    "object_id": "20",
    "object_repr": "Can Abhishek finish the season with a strike rate of 200 or more?",
    "action_flag": 1,
    "change_message": "[{\"added\": {}}, {\"added\": {\"name\": \"option\", \"object\": \"yes\"}}, {\"added\": {\"name\": \"option\", \"object\": \"no\"}}]"
  }
},
{
  "model": "admin.logentry",
  "pk": 361,
  "fields": {
    "action_time": "2025-07-24T17:09:23.164Z",
    "user": 2,
    "content_type": 8,
    "object_id": "21",
    "object_repr": "Which KKR emerging player has impressed you more?",
    "action_flag": 1,
    "change_message": "[{\"added\": {}}, {\"added\": {\"name\": \"option\", \"object\": \"Angkrish Raghuvansh\"}}, {\"added\": {\"name\": \"option\", \"object\": \"Harshit Rana\"}}]"
  }
},
{
  "model": "admin.logentry",
  "pk": 362,
  "fields": {
    "action_time": "2025-07-24T17:09:51.417Z",
    "user": 2,
    "content_type": 8,
    "object_id": "22",
    "object_repr": "Which KKR legend has had a bigger impact this season ?",
    "action_flag": 1,
    "change_message": "[{\"added\": {}}, {\"added\": {\"name\": \"option\", \"object\": \"Sunil Narine\"}}, {\"added\": {\"name\": \"option\", \"object\": \"Andre Russell\"}}]"
  }
},
{
  "model": "admin.logentry",
  "pk": 363,
  "fields": {
    "action_time": "2025-07-24T17:10:10.791Z",
    "user": 2,
    "content_type": 8,
    "object_id": "23",
    "object_repr": "Will CSK come back stronger next season?",
    "action_flag": 1,
    "change_message": "[{\"added\": {}}, {\"added\": {\"name\": \"option\", \"object\": \"yes\"}}, {\"added\": {\"name\": \"option\", \"object\": \"no\"}}]"
  }
},
{
  "model": "admin.logentry",
  "pk": 364,
  "fields": {
    "action_time": "2025-07-24T17:10:31.935Z",
    "user": 2,
    "content_type": 8,
    "object_id": "24",
    "object_repr": "Which leftie ‘deep’ is smarter with his craft?",
    "action_flag": 1,
    "change_message": "[{\"added\": {}}, {\"added\": {\"name\": \"option\", \"object\": \"kuldeep\"}}, {\"added\": {\"name\": \"option\", \"object\": \"Arshdeep\"}}]"
  }
},
{
  "model": "admin.logentry",
  "pk": 365,
  "fields": {
    "action_time": "2025-07-24T17:10:54.269Z",
    "user": 2,
    "content_type": 8,
    "object_id": "25",
    "object_repr": "Who has been better at the death this season?",
    "action_flag": 1,
    "change_message": "[{\"added\": {}}, {\"added\": {\"name\": \"option\", \"object\": \"yash dayal\"}}, {\"added\": {\"name\": \"option\", \"object\": \"harshal patel\"}}]"
  }
},
{
  "model": "admin.logentry",
  "pk": 366,
  "fields": {
    "action_time": "2025-07-24T17:11:18.251Z",
    "user": 2,
    "content_type": 8,
    "object_id": "26",
    "object_repr": "Who do you enjoy watching more in the TATA IPL 2025?",
    "action_flag": 1,
    "change_message": "[{\"added\": {}}, {\"added\": {\"name\": \"option\", \"object\": \"Emerging players\"}}, {\"added\": {\"name\": \"option\", \"object\": \"Established stars\"}}]"
  }
},
{
  "model": "admin.logentry",
  "pk": 367,
  "fields": {
    "action_time": "2025-07-24T17:11:38.606Z",
    "user": 2,
    "content_type": 8,
    "object_id": "27",
    "object_repr": "How many sixes will Virat Kohli hit by the end of this season?",
    "action_flag": 1,
    "change_message": "[{\"added\": {}}, {\"added\": {\"name\": \"option\", \"object\": \"less than 30\"}}, {\"added\": {\"name\": \"option\", \"object\": \"30 or more\"}}]"
  }
},
{
  "model": "admin.logentry",
  "pk": 368,
  "fields": {
    "action_time": "2025-07-24T17:11:59.401Z",
    "user": 2,
    "content_type": 8,
    "object_id": "28",
    "object_repr": "Which power hitter packs a bigger punch?",
    "action_flag": 1,
    "change_message": "[{\"added\": {}}, {\"added\": {\"name\": \"option\", \"object\": \"Romario Shepherd\"}}, {\"added\": {\"name\": \"option\", \"object\": \"Heinrich Klaasen\"}}]"
  }
},
{
  "model": "admin.logentry",
  "pk": 369,
  "fields": {
    "action_time": "2025-07-24T17:12:16.804Z",
    "user": 2,
    "content_type": 8,
    "object_id": "29",
    "object_repr": "Are you in favour of Rishabh Pant batting at three?",
    "action_flag": 1,
    "change_message": "[{\"added\": {}}, {\"added\": {\"name\": \"option\", \"object\": \"yes\"}}, {\"added\": {\"name\": \"option\", \"object\": \"no\"}}]"
  }
},
{
  "model": "admin.logentry",
  "pk": 370,
  "fields": {
    "action_time": "2025-07-24T17:12:53.349Z",
    "user": 2,
    "content_type": 8,
    "object_id": "30",
    "object_repr": "Which GT opener is more likely to win the orange cap?",
    "action_flag": 1,
    "change_message": "[{\"added\": {}}, {\"added\": {\"name\": \"option\", \"object\": \"Shubman Gill\"}}, {\"added\": {\"name\": \"option\", \"object\": \"Sai Sudharsan\"}}]"
  }
},
{
  "model": "admin.logentry",
  "pk": 371,
  "fields": {
    "action_time": "2025-07-24T17:13:14.399Z",
    "user": 2,
    "content_type": 8,
    "object_id": "31",
    "object_repr": "Which left arm spinner has had a bigger impact this season?",
    "action_flag": 1,
    "change_message": "[{\"added\": {}}, {\"added\": {\"name\": \"option\", \"object\": \"M Santner\"}}, {\"added\": {\"name\": \"option\", \"object\": \"Axar Patel\"}}]"
  }
},
{
  "model": "admin.logentry",
  "pk": 372,
  "fields": {
    "action_time": "2025-07-30T09:00:32.250Z",
    "user": 4,
    "content_type": 7,
    "object_id": "88",
    "object_repr": "Zimbabwe opt to bat, New Zealand bring in Nathan Smith",
    "action_flag": 3,
    "change_message": ""
  }
},
{
  "model": "admin.logentry",
  "pk": 373,
  "fields": {
    "action_time": "2025-07-30T09:01:49.299Z",
    "user": 4,
    "content_type": 7,
    "object_id": "117",
    "object_repr": "Zimbabwe opt to bat, New Zealand bring in Nathan Smith",
    "action_flag": 3,
    "change_message": ""
  }
},
{
  "model": "auth.permission",
  "pk": 1,
  "fields": {
    "name": "Can add log entry",
    "content_type": 1,
    "codename": "add_logentry"
  }
},
{
  "model": "auth.permission",
  "pk": 2,
  "fields": {
    "name": "Can change log entry",
    "content_type": 1,
    "codename": "change_logentry"
  }
},
{
  "model": "auth.permission",
  "pk": 3,
  "fields": {
    "name": "Can delete log entry",
    "content_type": 1,
    "codename": "delete_logentry"
  }
},
{
  "model": "auth.permission",
  "pk": 4,
  "fields": {
    "name": "Can view log entry",
    "content_type": 1,
    "codename": "view_logentry"
  }
},
{
  "model": "auth.permission",
  "pk": 5,
  "fields": {
    "name": "Can add permission",
    "content_type": 2,
    "codename": "add_permission"
  }
},
{
  "model": "auth.permission",
  "pk": 6,
  "fields": {
    "name": "Can change permission",
    "content_type": 2,
    "codename": "change_permission"
  }
},
{
  "model": "auth.permission",
  "pk": 7,
  "fields": {
    "name": "Can delete permission",
    "content_type": 2,
    "codename": "delete_permission"
  }
},
{
  "model": "auth.permission",
  "pk": 8,
  "fields": {
    "name": "Can view permission",
    "content_type": 2,
    "codename": "view_permission"
  }
},
{
  "model": "auth.permission",
  "pk": 9,
  "fields": {
    "name": "Can add group",
    "content_type": 3,
    "codename": "add_group"
  }
},
{
  "model": "auth.permission",
  "pk": 10,
  "fields": {
    "name": "Can change group",
    "content_type": 3,
    "codename": "change_group"
  }
},
{
  "model": "auth.permission",
  "pk": 11,
  "fields": {
    "name": "Can delete group",
    "content_type": 3,
    "codename": "delete_group"
  }
},
{
  "model": "auth.permission",
  "pk": 12,
  "fields": {
    "name": "Can view group",
    "content_type": 3,
    "codename": "view_group"
  }
},
{
  "model": "auth.permission",
  "pk": 13,
  "fields": {
    "name": "Can add content type",
    "content_type": 4,
    "codename": "add_contenttype"
  }
},
{
  "model": "auth.permission",
  "pk": 14,
  "fields": {
    "name": "Can change content type",
    "content_type": 4,
    "codename": "change_contenttype"
  }
},
{
  "model": "auth.permission",
  "pk": 15,
  "fields": {
    "name": "Can delete content type",
    "content_type": 4,
    "codename": "delete_contenttype"
  }
},
{
  "model": "auth.permission",
  "pk": 16,
  "fields": {
    "name": "Can view content type",
    "content_type": 4,
    "codename": "view_contenttype"
  }
},
{
  "model": "auth.permission",
  "pk": 17,
  "fields": {
    "name": "Can add session",
    "content_type": 5,
    "codename": "add_session"
  }
},
{
  "model": "auth.permission",
  "pk": 18,
  "fields": {
    "name": "Can change session",
    "content_type": 5,
    "codename": "change_session"
  }
},
{
  "model": "auth.permission",
  "pk": 19,
  "fields": {
    "name": "Can delete session",
    "content_type": 5,
    "codename": "delete_session"
  }
},
{
  "model": "auth.permission",
  "pk": 20,
  "fields": {
    "name": "Can view session",
    "content_type": 5,
    "codename": "view_session"
  }
},
{
  "model": "auth.permission",
  "pk": 21,
  "fields": {
    "name": "Can add team",
    "content_type": 6,
    "codename": "add_team"
  }
},
{
  "model": "auth.permission",
  "pk": 22,
  "fields": {
    "name": "Can change team",
    "content_type": 6,
    "codename": "change_team"
  }
},
{
  "model": "auth.permission",
  "pk": 23,
  "fields": {
    "name": "Can delete team",
    "content_type": 6,
    "codename": "delete_team"
  }
},
{
  "model": "auth.permission",
  "pk": 24,
  "fields": {
    "name": "Can view team",
    "content_type": 6,
    "codename": "view_team"
  }
},
{
  "model": "auth.permission",
  "pk": 25,
  "fields": {
    "name": "Can add article",
    "content_type": 7,
    "codename": "add_article"
  }
},
{
  "model": "auth.permission",
  "pk": 26,
  "fields": {
    "name": "Can change article",
    "content_type": 7,
    "codename": "change_article"
  }
},
{
  "model": "auth.permission",
  "pk": 27,
  "fields": {
    "name": "Can delete article",
    "content_type": 7,
    "codename": "delete_article"
  }
},
{
  "model": "auth.permission",
  "pk": 28,
  "fields": {
    "name": "Can view article",
    "content_type": 7,
    "codename": "view_article"
  }
},
{
  "model": "auth.permission",
  "pk": 29,
  "fields": {
    "name": "Can add poll",
    "content_type": 8,
    "codename": "add_poll"
  }
},
{
  "model": "auth.permission",
  "pk": 30,
  "fields": {
    "name": "Can change poll",
    "content_type": 8,
    "codename": "change_poll"
  }
},
{
  "model": "auth.permission",
  "pk": 31,
  "fields": {
    "name": "Can delete poll",
    "content_type": 8,
    "codename": "delete_poll"
  }
},
{
  "model": "auth.permission",
  "pk": 32,
  "fields": {
    "name": "Can view poll",
    "content_type": 8,
    "codename": "view_poll"
  }
},
{
  "model": "auth.permission",
  "pk": 33,
  "fields": {
    "name": "Can add option",
    "content_type": 9,
    "codename": "add_option"
  }
},
{
  "model": "auth.permission",
  "pk": 34,
  "fields": {
    "name": "Can change option",
    "content_type": 9,
    "codename": "change_option"
  }
},
{
  "model": "auth.permission",
  "pk": 35,
  "fields": {
    "name": "Can delete option",
    "content_type": 9,
    "codename": "delete_option"
  }
},
{
  "model": "auth.permission",
  "pk": 36,
  "fields": {
    "name": "Can view option",
    "content_type": 9,
    "codename": "view_option"
  }
},
{
  "model": "auth.permission",
  "pk": 37,
  "fields": {
    "name": "Can add quiz question",
    "content_type": 10,
    "codename": "add_quizquestion"
  }
},
{
  "model": "auth.permission",
  "pk": 38,
  "fields": {
    "name": "Can change quiz question",
    "content_type": 10,
    "codename": "change_quizquestion"
  }
},
{
  "model": "auth.permission",
  "pk": 39,
  "fields": {
    "name": "Can delete quiz question",
    "content_type": 10,
    "codename": "delete_quizquestion"
  }
},
{
  "model": "auth.permission",
  "pk": 40,
  "fields": {
    "name": "Can view quiz question",
    "content_type": 10,
    "codename": "view_quizquestion"
  }
},
{
  "model": "auth.permission",
  "pk": 41,
  "fields": {
    "name": "Can add quiz attempt",
    "content_type": 11,
    "codename": "add_quizattempt"
  }
},
{
  "model": "auth.permission",
  "pk": 42,
  "fields": {
    "name": "Can change quiz attempt",
    "content_type": 11,
    "codename": "change_quizattempt"
  }
},
{
  "model": "auth.permission",
  "pk": 43,
  "fields": {
    "name": "Can delete quiz attempt",
    "content_type": 11,
    "codename": "delete_quizattempt"
  }
},
{
  "model": "auth.permission",
  "pk": 44,
  "fields": {
    "name": "Can view quiz attempt",
    "content_type": 11,
    "codename": "view_quizattempt"
  }
},
{
  "model": "auth.permission",
  "pk": 45,
  "fields": {
    "name": "Can add quiz result",
    "content_type": 12,
    "codename": "add_quizresult"
  }
},
{
  "model": "auth.permission",
  "pk": 46,
  "fields": {
    "name": "Can change quiz result",
    "content_type": 12,
    "codename": "change_quizresult"
  }
},
{
  "model": "auth.permission",
  "pk": 47,
  "fields": {
    "name": "Can delete quiz result",
    "content_type": 12,
    "codename": "delete_quizresult"
  }
},
{
  "model": "auth.permission",
  "pk": 48,
  "fields": {
    "name": "Can view quiz result",
    "content_type": 12,
    "codename": "view_quizresult"
  }
},
{
  "model": "auth.permission",
  "pk": 49,
  "fields": {
    "name": "Can add leaderboard profile",
    "content_type": 13,
    "codename": "add_leaderboardprofile"
  }
},
{
  "model": "auth.permission",
  "pk": 50,
  "fields": {
    "name": "Can change leaderboard profile",
    "content_type": 13,
    "codename": "change_leaderboardprofile"
  }
},
{
  "model": "auth.permission",
  "pk": 51,
  "fields": {
    "name": "Can delete leaderboard profile",
    "content_type": 13,
    "codename": "delete_leaderboardprofile"
  }
},
{
  "model": "auth.permission",
  "pk": 52,
  "fields": {
    "name": "Can view leaderboard profile",
    "content_type": 13,
    "codename": "view_leaderboardprofile"
  }
},
{
  "model": "auth.permission",
  "pk": 53,
  "fields": {
    "name": "Can add cricket match",
    "content_type": 14,
    "codename": "add_cricketmatch"
  }
},
{
  "model": "auth.permission",
  "pk": 54,
  "fields": {
    "name": "Can change cricket match",
    "content_type": 14,
    "codename": "change_cricketmatch"
  }
},
{
  "model": "auth.permission",
  "pk": 55,
  "fields": {
    "name": "Can delete cricket match",
    "content_type": 14,
    "codename": "delete_cricketmatch"
  }
},
{
  "model": "auth.permission",
  "pk": 56,
  "fields": {
    "name": "Can view cricket match",
    "content_type": 14,
    "codename": "view_cricketmatch"
  }
},
{
  "model": "auth.permission",
  "pk": 57,
  "fields": {
    "name": "Can add team",
    "content_type": 15,
    "codename": "add_team"
  }
},
{
  "model": "auth.permission",
  "pk": 58,
  "fields": {
    "name": "Can change team",
    "content_type": 15,
    "codename": "change_team"
  }
},
{
  "model": "auth.permission",
  "pk": 59,
  "fields": {
    "name": "Can delete team",
    "content_type": 15,
    "codename": "delete_team"
  }
},
{
  "model": "auth.permission",
  "pk": 60,
  "fields": {
    "name": "Can view team",
    "content_type": 15,
    "codename": "view_team"
  }
},
{
  "model": "auth.permission",
  "pk": 61,
  "fields": {
    "name": "Can add player",
    "content_type": 16,
    "codename": "add_player"
  }
},
{
  "model": "auth.permission",
  "pk": 62,
  "fields": {
    "name": "Can change player",
    "content_type": 16,
    "codename": "change_player"
  }
},
{
  "model": "auth.permission",
  "pk": 63,
  "fields": {
    "name": "Can delete player",
    "content_type": 16,
    "codename": "delete_player"
  }
},
{
  "model": "auth.permission",
  "pk": 64,
  "fields": {
    "name": "Can view player",
    "content_type": 16,
    "codename": "view_player"
  }
},
{
  "model": "auth.permission",
  "pk": 65,
  "fields": {
    "name": "Can add user",
    "content_type": 17,
    "codename": "add_customuser"
  }
},
{
  "model": "auth.permission",
  "pk": 66,
  "fields": {
    "name": "Can change user",
    "content_type": 17,
    "codename": "change_customuser"
  }
},
{
  "model": "auth.permission",
  "pk": 67,
  "fields": {
    "name": "Can delete user",
    "content_type": 17,
    "codename": "delete_customuser"
  }
},
{
  "model": "auth.permission",
  "pk": 68,
  "fields": {
    "name": "Can view user",
    "content_type": 17,
    "codename": "view_customuser"
  }
},
{
  "model": "auth.permission",
  "pk": 69,
  "fields": {
    "name": "Can add post",
    "content_type": 18,
    "codename": "add_post"
  }
},
{
  "model": "auth.permission",
  "pk": 70,
  "fields": {
    "name": "Can change post",
    "content_type": 18,
    "codename": "change_post"
  }
},
{
  "model": "auth.permission",
  "pk": 71,
  "fields": {
    "name": "Can delete post",
    "content_type": 18,
    "codename": "delete_post"
  }
},
{
  "model": "auth.permission",
  "pk": 72,
  "fields": {
    "name": "Can view post",
    "content_type": 18,
    "codename": "view_post"
  }
},
{
  "model": "auth.permission",
  "pk": 73,
  "fields": {
    "name": "Can add achievement",
    "content_type": 19,
    "codename": "add_achievement"
  }
},
{
  "model": "auth.permission",
  "pk": 74,
  "fields": {
    "name": "Can change achievement",
    "content_type": 19,
    "codename": "change_achievement"
  }
},
{
  "model": "auth.permission",
  "pk": 75,
  "fields": {
    "name": "Can delete achievement",
    "content_type": 19,
    "codename": "delete_achievement"
  }
},
{
  "model": "auth.permission",
  "pk": 76,
  "fields": {
    "name": "Can view achievement",
    "content_type": 19,
    "codename": "view_achievement"
  }
},
{
  "model": "auth.permission",
  "pk": 77,
  "fields": {
    "name": "Can add user achievement",
    "content_type": 20,
    "codename": "add_userachievement"
  }
},
{
  "model": "auth.permission",
  "pk": 78,
  "fields": {
    "name": "Can change user achievement",
    "content_type": 20,
    "codename": "change_userachievement"
  }
},
{
  "model": "auth.permission",
  "pk": 79,
  "fields": {
    "name": "Can delete user achievement",
    "content_type": 20,
    "codename": "delete_userachievement"
  }
},
{
  "model": "auth.permission",
  "pk": 80,
  "fields": {
    "name": "Can view user achievement",
    "content_type": 20,
    "codename": "view_userachievement"
  }
},
{
  "model": "auth.permission",
  "pk": 81,
  "fields": {
    "name": "Can add site",
    "content_type": 21,
    "codename": "add_site"
  }
},
{
  "model": "auth.permission",
  "pk": 82,
  "fields": {
    "name": "Can change site",
    "content_type": 21,
    "codename": "change_site"
  }
},
{
  "model": "auth.permission",
  "pk": 83,
  "fields": {
    "name": "Can delete site",
    "content_type": 21,
    "codename": "delete_site"
  }
},
{
  "model": "auth.permission",
  "pk": 84,
  "fields": {
    "name": "Can view site",
    "content_type": 21,
    "codename": "view_site"
  }
},
{
  "model": "quiz.poll",
  "pk": 1,
  "fields": {
    "question": "who won ipl 2025?",
    "created_at": "2025-07-17T15:11:39.809Z"
  }
},
{
  "model": "quiz.poll",
  "pk": 2,
  "fields": {
    "question": "who will win test cricket match 2025",
    "created_at": "2025-07-17T17:48:34.118Z"
  }
},
{
  "model": "quiz.poll",
  "pk": 3,
  "fields": {
    "question": "Which Punjab opener has made the bigger impact this season?",
    "created_at": "2025-07-24T16:58:58.894Z"
  }
},
{
  "model": "quiz.poll",
  "pk": 4,
  "fields": {
    "question": "Which Batting star will finish higher on the Orange Cap Leaderboard?",
    "created_at": "2025-07-24T16:59:25.843Z"
  }
},
{
  "model": "quiz.poll",
  "pk": 5,
  "fields": {
    "question": "Which Seamer will pose the bigger Wicket-Taking threat in tonight’s Final?",
    "created_at": "2025-07-24T16:59:52.224Z"
  }
},
{
  "model": "quiz.poll",
  "pk": 6,
  "fields": {
    "question": "Who will lift the TATA IPL Trophy for the very first time Tonight?",
    "created_at": "2025-07-24T17:00:10.904Z"
  }
},
{
  "model": "quiz.poll",
  "pk": 7,
  "fields": {
    "question": "Which Left Arm Seamer is better at the Death?",
    "created_at": "2025-07-24T17:00:39.602Z"
  }
},
{
  "model": "quiz.poll",
  "pk": 8,
  "fields": {
    "question": "Can Surya Kumar Yadav finish at the top of the Orange Cap Leaderboard?",
    "created_at": "2025-07-24T17:00:56.411Z"
  }
},
{
  "model": "quiz.poll",
  "pk": 9,
  "fields": {
    "question": "Will TATA IPL 2025 be Jasprit Bumrah’s most economical IPL ever?",
    "created_at": "2025-07-24T17:01:14.065Z"
  }
},
{
  "model": "quiz.poll",
  "pk": 10,
  "fields": {
    "question": "Will Surya finish the season with 25 or more runs every game?",
    "created_at": "2025-07-24T17:01:39.975Z"
  }
},
{
  "model": "quiz.poll",
  "pk": 11,
  "fields": {
    "question": "What has been more pleasing for the Titans?",
    "created_at": "2025-07-24T17:02:10.244Z"
  }
},
{
  "model": "quiz.poll",
  "pk": 12,
  "fields": {
    "question": "Which wicket-keeper was more impressive in their previous run chase?",
    "created_at": "2025-07-24T17:02:43.789Z"
  }
},
{
  "model": "quiz.poll",
  "pk": 13,
  "fields": {
    "question": "Which opening pair has had a bigger impact this season?",
    "created_at": "2025-07-24T17:03:20.022Z"
  }
},
{
  "model": "quiz.poll",
  "pk": 14,
  "fields": {
    "question": "Whose return from injury will have a greater effect tonight?",
    "created_at": "2025-07-24T17:06:43.270Z"
  }
},
{
  "model": "quiz.poll",
  "pk": 15,
  "fields": {
    "question": "Will we have a first time champion this year?",
    "created_at": "2025-07-24T17:07:01.404Z"
  }
},
{
  "model": "quiz.poll",
  "pk": 16,
  "fields": {
    "question": "Which will have more of an impact on RCB's title ambitions?",
    "created_at": "2025-07-24T17:07:30.734Z"
  }
},
{
  "model": "quiz.poll",
  "pk": 17,
  "fields": {
    "question": "Which Indian seamer would you rather have bowling the 20th over?",
    "created_at": "2025-07-24T17:07:54.914Z"
  }
},
{
  "model": "quiz.poll",
  "pk": 18,
  "fields": {
    "question": "Will RCB avoid the Eliminator?",
    "created_at": "2025-07-24T17:08:14.486Z"
  }
},
{
  "model": "quiz.poll",
  "pk": 19,
  "fields": {
    "question": "Who is more likely to finish in the top 2?",
    "created_at": "2025-07-24T17:08:36.185Z"
  }
},
{
  "model": "quiz.poll",
  "pk": 20,
  "fields": {
    "question": "Can Abhishek finish the season with a strike rate of 200 or more?",
    "created_at": "2025-07-24T17:08:55.442Z"
  }
},
{
  "model": "quiz.poll",
  "pk": 21,
  "fields": {
    "question": "Which KKR emerging player has impressed you more?",
    "created_at": "2025-07-24T17:09:23.131Z"
  }
},
{
  "model": "quiz.poll",
  "pk": 22,
  "fields": {
    "question": "Which KKR legend has had a bigger impact this season ?",
    "created_at": "2025-07-24T17:09:51.387Z"
  }
},
{
  "model": "quiz.poll",
  "pk": 23,
  "fields": {
    "question": "Will CSK come back stronger next season?",
    "created_at": "2025-07-24T17:10:10.760Z"
  }
},
{
  "model": "quiz.poll",
  "pk": 24,
  "fields": {
    "question": "Which leftie ‘deep’ is smarter with his craft?",
    "created_at": "2025-07-24T17:10:31.906Z"
  }
},
{
  "model": "quiz.poll",
  "pk": 25,
  "fields": {
    "question": "Who has been better at the death this season?",
    "created_at": "2025-07-24T17:10:54.240Z"
  }
},
{
  "model": "quiz.poll",
  "pk": 26,
  "fields": {
    "question": "Who do you enjoy watching more in the TATA IPL 2025?",
    "created_at": "2025-07-24T17:11:18.218Z"
  }
},
{
  "model": "quiz.poll",
  "pk": 27,
  "fields": {
    "question": "How many sixes will Virat Kohli hit by the end of this season?",
    "created_at": "2025-07-24T17:11:38.574Z"
  }
},
{
  "model": "quiz.poll",
  "pk": 28,
  "fields": {
    "question": "Which power hitter packs a bigger punch?",
    "created_at": "2025-07-24T17:11:59.369Z"
  }
},
{
  "model": "quiz.poll",
  "pk": 29,
  "fields": {
    "question": "Are you in favour of Rishabh Pant batting at three?",
    "created_at": "2025-07-24T17:12:16.794Z"
  }
},
{
  "model": "quiz.poll",
  "pk": 30,
  "fields": {
    "question": "Which GT opener is more likely to win the orange cap?",
    "created_at": "2025-07-24T17:12:53.316Z"
  }
},
{
  "model": "quiz.poll",
  "pk": 31,
  "fields": {
    "question": "Which left arm spinner has had a bigger impact this season?",
    "created_at": "2025-07-24T17:13:14.368Z"
  }
},
{
  "model": "quiz.option",
  "pk": 1,
  "fields": {
    "poll": 1,
    "text": "RCB",
    "votes": 25
  }
},
{
  "model": "quiz.option",
  "pk": 2,
  "fields": {
    "poll": 1,
    "text": "PBKS",
    "votes": 26
  }
},
{
  "model": "quiz.option",
  "pk": 3,
  "fields": {
    "poll": 2,
    "text": "India",
    "votes": 79
  }
},
{
  "model": "quiz.option",
  "pk": 4,
  "fields": {
    "poll": 2,
    "text": "England",
    "votes": 10
  }
},
{
  "model": "quiz.option",
  "pk": 5,
  "fields": {
    "poll": 3,
    "text": "Prabhsimran Singh",
    "votes": 42
  }
},
{
  "model": "quiz.option",
  "pk": 6,
  "fields": {
    "poll": 3,
    "text": "Priyansh Arya",
    "votes": 58
  }
},
{
  "model": "quiz.option",
  "pk": 7,
  "fields": {
    "poll": 4,
    "text": "Virat Kohli",
    "votes": 65
  }
},
{
  "model": "quiz.option",
  "pk": 8,
  "fields": {
    "poll": 4,
    "text": "Shreyas Iyer",
    "votes": 35
  }
},
{
  "model": "quiz.option",
  "pk": 9,
  "fields": {
    "poll": 5,
    "text": "Hazlewood",
    "votes": 62
  }
},
{
  "model": "quiz.option",
  "pk": 10,
  "fields": {
    "poll": 5,
    "text": "Arshdeep",
    "votes": 38
  }
},
{
  "model": "quiz.option",
  "pk": 11,
  "fields": {
    "poll": 6,
    "text": "Royal Challengers Bengaluru",
    "votes": 59
  }
},
{
  "model": "quiz.option",
  "pk": 12,
  "fields": {
    "poll": 6,
    "text": "Punjab Kings",
    "votes": 41
  }
},
{
  "model": "quiz.option",
  "pk": 13,
  "fields": {
    "poll": 7,
    "text": "Arshdeep Singh",
    "votes": 47
  }
},
{
  "model": "quiz.option",
  "pk": 14,
  "fields": {
    "poll": 7,
    "text": "Trent Boult",
    "votes": 53
  }
},
{
  "model": "quiz.option",
  "pk": 15,
  "fields": {
    "poll": 8,
    "text": "yes",
    "votes": 46
  }
},
{
  "model": "quiz.option",
  "pk": 16,
  "fields": {
    "poll": 8,
    "text": "no",
    "votes": 54
  }
},
{
  "model": "quiz.option",
  "pk": 17,
  "fields": {
    "poll": 9,
    "text": "yes",
    "votes": 69
  }
},
{
  "model": "quiz.option",
  "pk": 18,
  "fields": {
    "poll": 9,
    "text": "no",
    "votes": 31
  }
},
{
  "model": "quiz.option",
  "pk": 19,
  "fields": {
    "poll": 10,
    "text": "yes",
    "votes": 76
  }
},
{
  "model": "quiz.option",
  "pk": 20,
  "fields": {
    "poll": 10,
    "text": "no",
    "votes": 24
  }
},
{
  "model": "quiz.option",
  "pk": 21,
  "fields": {
    "poll": 11,
    "text": "Batters topping the Orange cap table",
    "votes": 81
  }
},
{
  "model": "quiz.option",
  "pk": 22,
  "fields": {
    "poll": 11,
    "text": "Bowlers topping the dot ball chart",
    "votes": 19
  }
},
{
  "model": "quiz.option",
  "pk": 23,
  "fields": {
    "poll": 12,
    "text": "Josh Inglis v MI",
    "votes": 21
  }
},
{
  "model": "quiz.option",
  "pk": 24,
  "fields": {
    "poll": 12,
    "text": "Jitesh Sharma v LSG",
    "votes": 80
  }
},
{
  "model": "quiz.option",
  "pk": 25,
  "fields": {
    "poll": 13,
    "text": "Priyansh-Prabhsimran",
    "votes": 34
  }
},
{
  "model": "quiz.option",
  "pk": 26,
  "fields": {
    "poll": 13,
    "text": "Salt-Kohli",
    "votes": 68
  }
},
{
  "model": "quiz.option",
  "pk": 27,
  "fields": {
    "poll": 14,
    "text": "Y Chahal",
    "votes": 21
  }
},
{
  "model": "quiz.option",
  "pk": 28,
  "fields": {
    "poll": 14,
    "text": "J Hazlewood",
    "votes": 80
  }
},
{
  "model": "quiz.option",
  "pk": 29,
  "fields": {
    "poll": 15,
    "text": "yes",
    "votes": 87
  }
},
{
  "model": "quiz.option",
  "pk": 30,
  "fields": {
    "poll": 15,
    "text": "no",
    "votes": 13
  }
},
{
  "model": "quiz.option",
  "pk": 31,
  "fields": {
    "poll": 16,
    "text": "The loss of Tim David",
    "votes": 31
  }
},
{
  "model": "quiz.option",
  "pk": 32,
  "fields": {
    "poll": 16,
    "text": "the return of Josh Hazlewood",
    "votes": 69
  }
},
{
  "model": "quiz.option",
  "pk": 33,
  "fields": {
    "poll": 17,
    "text": "Avesh Khan",
    "votes": 32
  }
},
{
  "model": "quiz.option",
  "pk": 34,
  "fields": {
    "poll": 17,
    "text": "Yash Dayal",
    "votes": 68
  }
},
{
  "model": "quiz.option",
  "pk": 35,
  "fields": {
    "poll": 18,
    "text": "yes",
    "votes": 90
  }
},
{
  "model": "quiz.option",
  "pk": 36,
  "fields": {
    "poll": 18,
    "text": "no",
    "votes": 10
  }
},
{
  "model": "quiz.option",
  "pk": 37,
  "fields": {
    "poll": 19,
    "text": "PBKS",
    "votes": 54
  }
},
{
  "model": "quiz.option",
  "pk": 38,
  "fields": {
    "poll": 19,
    "text": "MI",
    "votes": 46
  }
},
{
  "model": "quiz.option",
  "pk": 39,
  "fields": {
    "poll": 20,
    "text": "yes",
    "votes": 61
  }
},
{
  "model": "quiz.option",
  "pk": 40,
  "fields": {
    "poll": 20,
    "text": "no",
    "votes": 40
  }
},
{
  "model": "quiz.option",
  "pk": 41,
  "fields": {
    "poll": 21,
    "text": "Angkrish Raghuvansh",
    "votes": 69
  }
},
{
  "model": "quiz.option",
  "pk": 42,
  "fields": {
    "poll": 21,
    "text": "Harshit Rana",
    "votes": 32
  }
},
{
  "model": "quiz.option",
  "pk": 43,
  "fields": {
    "poll": 22,
    "text": "Sunil Narine",
    "votes": 73
  }
},
{
  "model": "quiz.option",
  "pk": 44,
  "fields": {
    "poll": 22,
    "text": "Andre Russell",
    "votes": 27
  }
},
{
  "model": "quiz.option",
  "pk": 45,
  "fields": {
    "poll": 23,
    "text": "yes",
    "votes": 73
  }
},
{
  "model": "quiz.option",
  "pk": 46,
  "fields": {
    "poll": 23,
    "text": "no",
    "votes": 28
  }
},
{
  "model": "quiz.option",
  "pk": 47,
  "fields": {
    "poll": 24,
    "text": "kuldeep",
    "votes": 57
  }
},
{
  "model": "quiz.option",
  "pk": 48,
  "fields": {
    "poll": 24,
    "text": "Arshdeep",
    "votes": 43
  }
},
{
  "model": "quiz.option",
  "pk": 49,
  "fields": {
    "poll": 25,
    "text": "yash dayal",
    "votes": 72
  }
},
{
  "model": "quiz.option",
  "pk": 50,
  "fields": {
    "poll": 25,
    "text": "harshal patel",
    "votes": 28
  }
},
{
  "model": "quiz.option",
  "pk": 51,
  "fields": {
    "poll": 26,
    "text": "Emerging players",
    "votes": 70
  }
},
{
  "model": "quiz.option",
  "pk": 52,
  "fields": {
    "poll": 26,
    "text": "Established stars",
    "votes": 32
  }
},
{
  "model": "quiz.option",
  "pk": 53,
  "fields": {
    "poll": 27,
    "text": "less than 30",
    "votes": 47
  }
},
{
  "model": "quiz.option",
  "pk": 54,
  "fields": {
    "poll": 27,
    "text": "30 or more",
    "votes": 55
  }
},
{
  "model": "quiz.option",
  "pk": 55,
  "fields": {
    "poll": 28,
    "text": "Romario Shepherd",
    "votes": 62
  }
},
{
  "model": "quiz.option",
  "pk": 56,
  "fields": {
    "poll": 28,
    "text": "Heinrich Klaasen",
    "votes": 40
  }
},
{
  "model": "quiz.option",
  "pk": 57,
  "fields": {
    "poll": 29,
    "text": "yes",
    "votes": 40
  }
},
{
  "model": "quiz.option",
  "pk": 58,
  "fields": {
    "poll": 29,
    "text": "no",
    "votes": 62
  }
},
{
  "model": "quiz.option",
  "pk": 59,
  "fields": {
    "poll": 30,
    "text": "Shubman Gill",
    "votes": 22
  }
},
{
  "model": "quiz.option",
  "pk": 60,
  "fields": {
    "poll": 30,
    "text": "Sai Sudharsan",
    "votes": 83
  }
},
{
  "model": "quiz.option",
  "pk": 61,
  "fields": {
    "poll": 31,
    "text": "M Santner",
    "votes": 46
  }
},
{
  "model": "quiz.option",
  "pk": 62,
  "fields": {
    "poll": 31,
    "text": "Axar Patel",
    "votes": 59
  }
},
{
  "model": "quiz.quizquestion",
  "pk": 1,
  "fields": {
    "question_text": "who won world cup 2011?",
    "option1": "India",
    "option2": "Sri Lanka",
    "option3": "Australia",
    "option4": "Pakistan",
    "correct_option": 1,
    "difficulty": "medium",
    "created_at": "2025-07-17T15:12:17.424Z",
    "updated_at": "2025-07-17T15:12:17.424Z"
  }
},
{
  "model": "quiz.quizquestion",
  "pk": 2,
  "fields": {
    "question_text": "Who is known as the \"God of Cricket\"?",
    "option1": "Ricky Ponting",
    "option2": "Sachin Tendulkar",
    "option3": "Brian Lara",
    "option4": "Virat Kohli",
    "correct_option": 2,
    "difficulty": "easy",
    "created_at": "2025-07-18T15:36:52.893Z",
    "updated_at": "2025-07-18T15:36:52.893Z"
  }
},
{
  "model": "quiz.quizquestion",
  "pk": 3,
  "fields": {
    "question_text": "How many players are there in a cricket team (on field)?",
    "option1": "9",
    "option2": "10",
    "option3": "11",
    "option4": "12",
    "correct_option": 3,
    "difficulty": "easy",
    "created_at": "2025-07-18T15:37:19.355Z",
    "updated_at": "2025-07-18T15:37:19.355Z"
  }
},
{
  "model": "quiz.quizquestion",
  "pk": 4,
  "fields": {
    "question_text": "What does LBW stand for in cricket?",
    "option1": "Leg Behind Wicket",
    "option2": "Leg Before Wicket",
    "option3": "Long Ball Wide",
    "option4": "Low Ball Warning",
    "correct_option": 2,
    "difficulty": "easy",
    "created_at": "2025-07-18T15:38:01.247Z",
    "updated_at": "2025-07-18T15:38:01.247Z"
  }
},
{
  "model": "quiz.quizquestion",
  "pk": 5,
  "fields": {
    "question_text": "Which country won the 2011 ICC Cricket World Cup?",
    "option1": "Australia",
    "option2": "India",
    "option3": "Sri Lanka",
    "option4": "Pakistan",
    "correct_option": 2,
    "difficulty": "easy",
    "created_at": "2025-07-18T15:38:47.681Z",
    "updated_at": "2025-07-18T15:38:47.681Z"
  }
},
{
  "model": "quiz.quizquestion",
  "pk": 6,
  "fields": {
    "question_text": "Who was the captain of India in the 2007 T20 World Cup?",
    "option1": "Rahul Dravid",
    "option2": "MS Dhoni",
    "option3": "Yuvraj Singh",
    "option4": "Sourav Ganguly",
    "correct_option": 2,
    "difficulty": "medium",
    "created_at": "2025-07-18T15:39:27.868Z",
    "updated_at": "2025-07-18T15:39:27.868Z"
  }
},
{
  "model": "quiz.quizquestion",
  "pk": 7,
  "fields": {
    "question_text": "How many runs are awarded for hitting the ball over the boundary without touching the ground?",
    "option1": "4",
    "option2": "5",
    "option3": "6",
    "option4": "3",
    "correct_option": 3,
    "difficulty": "medium",
    "created_at": "2025-07-18T15:39:53.012Z",
    "updated_at": "2025-07-18T15:39:53.012Z"
  }
},
{
  "model": "quiz.quizquestion",
  "pk": 8,
  "fields": {
    "question_text": "What’s the maximum number of overs allowed in an ODI match per side?",
    "option1": "20",
    "option2": "40",
    "option3": "50",
    "option4": "60",
    "correct_option": 3,
    "difficulty": "medium",
    "created_at": "2025-07-18T15:40:17.575Z",
    "updated_at": "2025-07-18T15:40:17.575Z"
  }
},
{
  "model": "quiz.quizquestion",
  "pk": 9,
  "fields": {
    "question_text": "Who bowled the fastest delivery in cricket history?",
    "option1": "Shoaib Akhtar",
    "option2": "Brett Lee",
    "option3": "Shaun Tait",
    "option4": "Dale Steyn",
    "correct_option": 1,
    "difficulty": "medium",
    "created_at": "2025-07-18T15:41:01.241Z",
    "updated_at": "2025-07-18T15:41:01.241Z"
  }
},
{
  "model": "quiz.quizquestion",
  "pk": 10,
  "fields": {
    "question_text": "Which Indian bowler took a hat-trick in a World Cup match?",
    "option1": "Zaheer Khan",
    "option2": "Javagal Srinath",
    "option3": "Mohammed Shami",
    "option4": "Ashish Nehra",
    "correct_option": 3,
    "difficulty": "medium",
    "created_at": "2025-07-18T15:41:34.010Z",
    "updated_at": "2025-07-18T15:41:34.010Z"
  }
},
{
  "model": "quiz.quizquestion",
  "pk": 11,
  "fields": {
    "question_text": "Who was the first cricketer to score a double century in ODIs?",
    "option1": "MS Dhoni",
    "option2": "Virender Sehwag",
    "option3": "Sachin Tendulkar",
    "option4": "Chris Gayle",
    "correct_option": 3,
    "difficulty": "hard",
    "created_at": "2025-07-18T15:42:21.014Z",
    "updated_at": "2025-07-18T15:42:21.014Z"
  }
},
{
  "model": "quiz.quizquestion",
  "pk": 12,
  "fields": {
    "question_text": "In which year was the first ever Test match played?",
    "option1": "1877",
    "option2": "1901",
    "option3": "1865",
    "option4": "1885",
    "correct_option": 1,
    "difficulty": "hard",
    "created_at": "2025-07-18T15:42:56.376Z",
    "updated_at": "2025-07-18T15:42:56.376Z"
  }
},
{
  "model": "quiz.quizquestion",
  "pk": 13,
  "fields": {
    "question_text": "Who is known as the \"Hitman\" in Indian cricket?",
    "option1": "Shubman Gill",
    "option2": "Rohit Sharma",
    "option3": "Virat Kohli",
    "option4": "KL Rahul",
    "correct_option": 2,
    "difficulty": "easy",
    "created_at": "2025-07-19T09:38:23.474Z",
    "updated_at": "2025-07-19T09:38:23.474Z"
  }
},
{
  "model": "quiz.quizquestion",
  "pk": 14,
  "fields": {
    "question_text": "What’s the color of the ball used in day Test matches?",
    "option1": "White",
    "option2": "Red",
    "option3": "Pink",
    "option4": "Yellow",
    "correct_option": 2,
    "difficulty": "easy",
    "created_at": "2025-07-19T09:39:02.225Z",
    "updated_at": "2025-07-19T09:39:02.225Z"
  }
},
{
  "model": "quiz.quizquestion",
  "pk": 15,
  "fields": {
    "question_text": "Which team won IPL 2023?",
    "option1": "Gujarat Titans",
    "option2": "Rajasthan Royals",
    "option3": "Chennai Super Kings",
    "option4": "Lucknow Super Giants",
    "correct_option": 3,
    "difficulty": "easy",
    "created_at": "2025-07-19T09:39:39.263Z",
    "updated_at": "2025-07-19T09:39:39.263Z"
  }
},
{
  "model": "quiz.quizquestion",
  "pk": 16,
  "fields": {
    "question_text": "Which Indian legend has 100 international centuries?",
    "option1": "Rahul Dravid",
    "option2": "MS Dhoni",
    "option3": "Virat Kohli",
    "option4": "Sachin Tendulkar",
    "correct_option": 4,
    "difficulty": "easy",
    "created_at": "2025-07-19T09:40:29.316Z",
    "updated_at": "2025-07-19T09:40:29.316Z"
  }
},
{
  "model": "quiz.quizquestion",
  "pk": 17,
  "fields": {
    "question_text": "Which of these is a mode of dismissal?",
    "option1": "Strike",
    "option2": "Stump",
    "option3": "Dive",
    "option4": "Pull",
    "correct_option": 2,
    "difficulty": "easy",
    "created_at": "2025-07-19T09:41:05.077Z",
    "updated_at": "2025-07-19T09:41:05.077Z"
  }
},
{
  "model": "quiz.quizquestion",
  "pk": 18,
  "fields": {
    "question_text": "How many overs in a standard ODI match?",
    "option1": "50",
    "option2": "40",
    "option3": "60",
    "option4": "20",
    "correct_option": 1,
    "difficulty": "easy",
    "created_at": "2025-07-19T09:41:31.287Z",
    "updated_at": "2025-07-19T09:41:31.287Z"
  }
},
{
  "model": "quiz.quizquestion",
  "pk": 19,
  "fields": {
    "question_text": "Which country hosts the Big Bash League?",
    "option1": "England",
    "option2": "South Africa",
    "option3": "Australia",
    "option4": "West Indies",
    "correct_option": 3,
    "difficulty": "easy",
    "created_at": "2025-07-19T09:42:10.177Z",
    "updated_at": "2025-07-19T09:42:10.177Z"
  }
},
{
  "model": "quiz.quizquestion",
  "pk": 20,
  "fields": {
    "question_text": "What’s MS Dhoni’s IPL team?",
    "option1": "CSK",
    "option2": "MI",
    "option3": "RCB",
    "option4": "LSG",
    "correct_option": 1,
    "difficulty": "easy",
    "created_at": "2025-07-19T09:42:39.568Z",
    "updated_at": "2025-07-19T09:42:39.568Z"
  }
},
{
  "model": "quiz.quizquestion",
  "pk": 21,
  "fields": {
    "question_text": "Which country did India defeat in the 2011 World Cup final?",
    "option1": "Sri Lanka",
    "option2": "Pakistan",
    "option3": "Australia",
    "option4": "England",
    "correct_option": 1,
    "difficulty": "easy",
    "created_at": "2025-07-19T09:43:21.240Z",
    "updated_at": "2025-07-19T09:43:21.240Z"
  }
},
{
  "model": "quiz.quizquestion",
  "pk": 22,
  "fields": {
    "question_text": "Which format lasts for 5 days?",
    "option1": "ODI",
    "option2": "Test",
    "option3": "T20",
    "option4": "The Hundred",
    "correct_option": 2,
    "difficulty": "easy",
    "created_at": "2025-07-19T09:43:57.728Z",
    "updated_at": "2025-07-19T09:43:57.728Z"
  }
},
{
  "model": "quiz.quizquestion",
  "pk": 23,
  "fields": {
    "question_text": "Who is the current Indian men’s T20I captain (2025)?",
    "option1": "Hardik Pandya",
    "option2": "KL Rahul",
    "option3": "Suryakumar Yadav",
    "option4": "Rohit Sharma",
    "correct_option": 3,
    "difficulty": "easy",
    "created_at": "2025-07-19T09:44:36.869Z",
    "updated_at": "2025-07-19T09:44:36.869Z"
  }
},
{
  "model": "quiz.quizquestion",
  "pk": 24,
  "fields": {
    "question_text": "How many runs for hitting the ball over boundary without bounce?",
    "option1": "4",
    "option2": "6",
    "option3": "2",
    "option4": "1",
    "correct_option": 2,
    "difficulty": "easy",
    "created_at": "2025-07-19T09:45:00.653Z",
    "updated_at": "2025-07-19T09:45:00.653Z"
  }
},
{
  "model": "quiz.quizquestion",
  "pk": 25,
  "fields": {
    "question_text": "Which team uses the jersey color Blue and Gold in IPL?",
    "option1": "RCB",
    "option2": "MI",
    "option3": "CSK",
    "option4": "DC",
    "correct_option": 2,
    "difficulty": "easy",
    "created_at": "2025-07-19T09:45:40.145Z",
    "updated_at": "2025-07-19T09:45:40.145Z"
  }
},
{
  "model": "quiz.quizquestion",
  "pk": 26,
  "fields": {
    "question_text": "Who is called the “Wall” of Indian cricket?",
    "option1": "Virat Kohli",
    "option2": "Rahul Dravid",
    "option3": "Rohit Sharma",
    "option4": "Anil Kumble",
    "correct_option": 2,
    "difficulty": "easy",
    "created_at": "2025-07-19T09:46:20.237Z",
    "updated_at": "2025-07-19T09:46:20.238Z"
  }
},
{
  "model": "quiz.quizquestion",
  "pk": 27,
  "fields": {
    "question_text": "Which country hosts the Ashes along with England?",
    "option1": "Australia",
    "option2": "New Zealand",
    "option3": "South Africa",
    "option4": "India",
    "correct_option": 1,
    "difficulty": "easy",
    "created_at": "2025-07-19T09:46:52.270Z",
    "updated_at": "2025-07-19T09:46:52.270Z"
  }
},
{
  "model": "quiz.quizquestion",
  "pk": 28,
  "fields": {
    "question_text": "What’s the penalty for a no-ball in T20s?",
    "option1": "Free hit",
    "option2": "Dismissal",
    "option3": "5 runs",
    "option4": "Re-bowl",
    "correct_option": 1,
    "difficulty": "easy",
    "created_at": "2025-07-19T09:47:34.118Z",
    "updated_at": "2025-07-19T09:47:34.118Z"
  }
},
{
  "model": "quiz.quizquestion",
  "pk": 29,
  "fields": {
    "question_text": "Which part of the body must the ball not hit in LBW?",
    "option1": "Bat",
    "option2": "Glove",
    "option3": "Leg",
    "option4": "Helmet",
    "correct_option": 3,
    "difficulty": "easy",
    "created_at": "2025-07-19T09:48:15.492Z",
    "updated_at": "2025-07-19T09:48:15.492Z"
  }
},
{
  "model": "quiz.quizquestion",
  "pk": 30,
  "fields": {
    "question_text": "Which team did Shubman Gill captain in IPL 2025?",
    "option1": "GT",
    "option2": "MI",
    "option3": "SRH",
    "option4": "RCB",
    "correct_option": 1,
    "difficulty": "easy",
    "created_at": "2025-07-19T09:48:52.153Z",
    "updated_at": "2025-07-19T09:48:52.153Z"
  }
},
{
  "model": "quiz.quizquestion",
  "pk": 31,
  "fields": {
    "question_text": "Who was the Orange Cap winner in IPL 2024?",
    "option1": "Faf du Plessis",
    "option2": "Shubman Gill",
    "option3": "Ruturaj Gaikwad",
    "option4": "Virat Kohli",
    "correct_option": 4,
    "difficulty": "medium",
    "created_at": "2025-07-19T09:49:48.836Z",
    "updated_at": "2025-07-19T09:49:48.836Z"
  }
},
{
  "model": "quiz.quizquestion",
  "pk": 32,
  "fields": {
    "question_text": "Which bowler has the record for the fastest T20I hat-trick?",
    "option1": "Rashid Khan",
    "option2": "Kuldeep Yadav",
    "option3": "Shaheen Afridi",
    "option4": "Tim Southee",
    "correct_option": 1,
    "difficulty": "medium",
    "created_at": "2025-07-19T09:50:20.456Z",
    "updated_at": "2025-07-19T09:50:20.456Z"
  }
},
{
  "model": "quiz.quizquestion",
  "pk": 33,
  "fields": {
    "question_text": "What’s the max number of fielders allowed outside the circle in the last 5 overs of an ODI?",
    "option1": "4",
    "option2": "3",
    "option3": "5",
    "option4": "6",
    "correct_option": 3,
    "difficulty": "medium",
    "created_at": "2025-07-19T09:50:42.412Z",
    "updated_at": "2025-07-19T09:50:42.412Z"
  }
},
{
  "model": "quiz.quizquestion",
  "pk": 34,
  "fields": {
    "question_text": "What’s the max number of fielders allowed outside the circle in the last 5 overs of an ODI?",
    "option1": "4",
    "option2": "3",
    "option3": "5",
    "option4": "6",
    "correct_option": 3,
    "difficulty": "medium",
    "created_at": "2025-07-19T10:01:58.544Z",
    "updated_at": "2025-07-19T10:01:58.544Z"
  }
},
{
  "model": "quiz.quizquestion",
  "pk": 35,
  "fields": {
    "question_text": "Which player holds the record for most sixes in a single IPL season (as of 2025)?",
    "option1": "Chris Gayle",
    "option2": "Jos Buttler",
    "option3": "Shivam Dube",
    "option4": "Andre Russell",
    "correct_option": 3,
    "difficulty": "medium",
    "created_at": "2025-07-19T10:02:36.810Z",
    "updated_at": "2025-07-19T10:02:36.810Z"
  }
},
{
  "model": "quiz.quizquestion",
  "pk": 36,
  "fields": {
    "question_text": "Who was India’s head coach during the 2023 ODI World Cup?",
    "option1": "Rahul Dravid",
    "option2": "Ravi Shastri",
    "option3": "Anil Kumble",
    "option4": "VVS Laxman",
    "correct_option": 1,
    "difficulty": "medium",
    "created_at": "2025-07-19T10:03:06.834Z",
    "updated_at": "2025-07-19T10:03:06.834Z"
  }
},
{
  "model": "quiz.quizquestion",
  "pk": 37,
  "fields": {
    "question_text": "What is a Super Over used for?",
    "option1": "Batting average",
    "option2": "Tiebreaker",
    "option3": "Run rate",
    "option4": "Over rate",
    "correct_option": 2,
    "difficulty": "medium",
    "created_at": "2025-07-19T10:03:37.996Z",
    "updated_at": "2025-07-19T10:03:37.996Z"
  }
},
{
  "model": "quiz.quizquestion",
  "pk": 38,
  "fields": {
    "question_text": "Which team did Babar Azam score his maiden T20I century against?",
    "option1": "New Zealand",
    "option2": "England",
    "option3": "South Africa",
    "option4": "India",
    "correct_option": 3,
    "difficulty": "medium",
    "created_at": "2025-07-19T10:04:14.470Z",
    "updated_at": "2025-07-19T10:04:14.470Z"
  }
},
{
  "model": "quiz.quizquestion",
  "pk": 39,
  "fields": {
    "question_text": "Which of these is not part of powerplay restrictions?",
    "option1": "Only 2 fielders outside the circle",
    "option2": "Only 5 fielders on leg side",
    "option3": "No more than 5 inside the circle",
    "option4": "Mandatory fielding positions",
    "correct_option": 2,
    "difficulty": "medium",
    "created_at": "2025-07-19T10:04:51.930Z",
    "updated_at": "2025-07-19T10:04:51.930Z"
  }
},
{
  "model": "quiz.quizquestion",
  "pk": 40,
  "fields": {
    "question_text": "How many total balls are bowled in a 50-over match (without extras)?",
    "option1": "250",
    "option2": "300",
    "option3": "600",
    "option4": "120",
    "correct_option": 3,
    "difficulty": "medium",
    "created_at": "2025-07-19T10:05:21.466Z",
    "updated_at": "2025-07-19T10:05:21.466Z"
  }
},
{
  "model": "quiz.quizquestion",
  "pk": 41,
  "fields": {
    "question_text": "Who became the youngest male cricketer to debut for India in Tests (as of 2025)?",
    "option1": "Yashasvi Jaiswal",
    "option2": "Prithvi Shaw",
    "option3": "Musheer Khan",
    "option4": "Tilak Varma",
    "correct_option": 3,
    "difficulty": "medium",
    "created_at": "2025-07-19T10:05:55.457Z",
    "updated_at": "2025-07-19T10:05:55.457Z"
  }
},
{
  "model": "quiz.quizquestion",
  "pk": 42,
  "fields": {
    "question_text": "What’s a bowler’s economy rate?",
    "option1": "Wickets per over",
    "option2": "Average runs conceded",
    "option3": "Batting strike rate",
    "option4": "Dot ball ratio",
    "correct_option": 2,
    "difficulty": "medium",
    "created_at": "2025-07-19T10:06:38.903Z",
    "updated_at": "2025-07-19T10:06:38.903Z"
  }
},
{
  "model": "quiz.quizquestion",
  "pk": 43,
  "fields": {
    "question_text": "Who is the current captain of the England men’s ODI team (2025)?",
    "option1": "Moeen Ali",
    "option2": "Ben Stokes",
    "option3": "Jos Buttler",
    "option4": "Joe Root",
    "correct_option": 3,
    "difficulty": "medium",
    "created_at": "2025-07-19T10:07:14.234Z",
    "updated_at": "2025-07-19T10:07:14.234Z"
  }
},
{
  "model": "quiz.quizquestion",
  "pk": 44,
  "fields": {
    "question_text": "Which Indian spinner recently crossed 350 Test wickets in 2025?",
    "option1": "Axar Patel",
    "option2": "Ravindra Jadeja",
    "option3": "Kuldeep Yadav",
    "option4": "R Ashwin",
    "correct_option": 4,
    "difficulty": "medium",
    "created_at": "2025-07-19T10:07:42.745Z",
    "updated_at": "2025-07-19T10:07:42.745Z"
  }
},
{
  "model": "quiz.quizquestion",
  "pk": 45,
  "fields": {
    "question_text": "Which Indian bowler had a record economy of 3.3 in IPL 2024 (min 10 overs)?",
    "option1": "Arshdeep Singh",
    "option2": "Mohit Sharma",
    "option3": "Ravi Bishnoi",
    "option4": "Jasprit Bumrah",
    "correct_option": 4,
    "difficulty": "medium",
    "created_at": "2025-07-19T10:08:09.818Z",
    "updated_at": "2025-07-19T10:08:09.818Z"
  }
},
{
  "model": "quiz.quizquestion",
  "pk": 46,
  "fields": {
    "question_text": "How many runs does a team need to win via DLS if target is adjusted mid-match?",
    "option1": "Based on wickets & overs left",
    "option2": "Based on runs alone",
    "option3": "Based on run rate",
    "option4": "Fixed by ICC",
    "correct_option": 1,
    "difficulty": "medium",
    "created_at": "2025-07-19T10:08:53.406Z",
    "updated_at": "2025-07-19T10:08:53.406Z"
  }
},
{
  "model": "quiz.quizquestion",
  "pk": 47,
  "fields": {
    "question_text": "What is the total number of umpires officiating an international match?",
    "option1": "2",
    "option2": "3",
    "option3": "4",
    "option4": "5",
    "correct_option": 3,
    "difficulty": "medium",
    "created_at": "2025-07-19T10:09:09.944Z",
    "updated_at": "2025-07-19T10:09:09.944Z"
  }
},
{
  "model": "quiz.quizquestion",
  "pk": 48,
  "fields": {
    "question_text": "What’s the most wickets taken by an Indian in a single ODI World Cup?",
    "option1": "21",
    "option2": "23",
    "option3": "26",
    "option4": "28",
    "correct_option": 3,
    "difficulty": "medium",
    "created_at": "2025-07-19T10:09:30.594Z",
    "updated_at": "2025-07-19T10:09:30.594Z"
  }
},
{
  "model": "quiz.quizquestion",
  "pk": 49,
  "fields": {
    "question_text": "Who won the ICC Men’s Test Championship 2023?",
    "option1": "India",
    "option2": "Australia",
    "option3": "England",
    "option4": "South Africa",
    "correct_option": 2,
    "difficulty": "medium",
    "created_at": "2025-07-19T10:10:04.314Z",
    "updated_at": "2025-07-19T10:10:04.314Z"
  }
},
{
  "model": "quiz.quizquestion",
  "pk": 50,
  "fields": {
    "question_text": "Which Indian cricketer launched his own perfume brand in 2024?",
    "option1": "Shikhar Dhawan",
    "option2": "Rishabh Pant",
    "option3": "Hardik Pandya",
    "option4": "Virat Kohli",
    "correct_option": 1,
    "difficulty": "medium",
    "created_at": "2025-07-19T10:10:33.332Z",
    "updated_at": "2025-07-19T10:10:33.332Z"
  }
},
{
  "model": "quiz.quizquestion",
  "pk": 51,
  "fields": {
    "question_text": "What is the role of a “Nightwatchman” in Test cricket?",
    "option1": "Bat after tailenders",
    "option2": "Bowl at night",
    "option3": "Open batting",
    "option4": "Lower-order batter sent early to protect key batsman",
    "correct_option": 4,
    "difficulty": "medium",
    "created_at": "2025-07-19T10:11:09.969Z",
    "updated_at": "2025-07-19T10:11:09.969Z"
  }
},
{
  "model": "quiz.quizquestion",
  "pk": 52,
  "fields": {
    "question_text": "Which associate nation made its Test debut in 2025?",
    "option1": "Namibia",
    "option2": "Scotland",
    "option3": "Nepal",
    "option4": "USA",
    "correct_option": 2,
    "difficulty": "hard",
    "created_at": "2025-07-19T10:12:14.962Z",
    "updated_at": "2025-07-19T10:12:14.962Z"
  }
},
{
  "model": "quiz.quizquestion",
  "pk": 53,
  "fields": {
    "question_text": "Which player had the highest dot ball percentage in IPL 2025 (min. 10 matches)?",
    "option1": "Trent Boult",
    "option2": "Kuldeep Yadav",
    "option3": "Rashid Khan",
    "option4": "Bhuvneshwar Kumar",
    "correct_option": 1,
    "difficulty": "hard",
    "created_at": "2025-07-19T10:12:55.890Z",
    "updated_at": "2025-07-19T10:12:55.890Z"
  }
},
{
  "model": "quiz.quizquestion",
  "pk": 54,
  "fields": {
    "question_text": "Who was the Player of the Tournament in the 2025 Women’s T20 World Cup?",
    "option1": "Harmanpreet Kaur",
    "option2": "Tahlia McGrath",
    "option3": "Deepti Sharma",
    "option4": "Nat Sciver-Brunt",
    "correct_option": 3,
    "difficulty": "hard",
    "created_at": "2025-07-19T10:13:28.190Z",
    "updated_at": "2025-07-19T10:13:28.190Z"
  }
},
{
  "model": "quiz.quizquestion",
  "pk": 55,
  "fields": {
    "question_text": "Which cricketer scored a double century in ODIs in 2025 against South Africa?",
    "option1": "Ruturaj Gaikwad",
    "option2": "Ishan Kishan",
    "option3": "KL Rahul",
    "option4": "Sanju Samson",
    "correct_option": 3,
    "difficulty": "hard",
    "created_at": "2025-07-19T10:14:09.661Z",
    "updated_at": "2025-07-19T10:14:09.661Z"
  }
},
{
  "model": "quiz.quizquestion",
  "pk": 56,
  "fields": {
    "question_text": "What is the new ICC concussion substitute rule introduced in 2025?",
    "option1": "Substitute can bowl only",
    "option2": "Substitute can bat but not bowl",
    "option3": "Like-for-like replacement fully allowed",
    "option4": "No substitute allowed after 25 overs",
    "correct_option": 3,
    "difficulty": "hard",
    "created_at": "2025-07-19T10:14:39.374Z",
    "updated_at": "2025-07-19T10:14:39.374Z"
  }
},
{
  "model": "quiz.quizquestion",
  "pk": 57,
  "fields": {
    "question_text": "Who was India’s captain during the Emerging Asia Cup 2025?",
    "option1": "Riyan Parag",
    "option2": "Yash Dhull",
    "option3": "Sai Sudharsan",
    "option4": "Tilak Varma",
    "correct_option": 1,
    "difficulty": "hard",
    "created_at": "2025-07-19T10:15:18.407Z",
    "updated_at": "2025-07-19T10:15:18.407Z"
  }
},
{
  "model": "quiz.quizquestion",
  "pk": 58,
  "fields": {
    "question_text": "Which Indian stadium had the highest sixes-per-match average in IPL 2025?",
    "option1": "Wankhede",
    "option2": "Eden Gardens",
    "option3": "Chinnaswamy",
    "option4": "Narendra Modi Stadium",
    "correct_option": 3,
    "difficulty": "hard",
    "created_at": "2025-07-19T10:15:58.925Z",
    "updated_at": "2025-07-19T10:16:10.358Z"
  }
},
{
  "model": "quiz.quizquestion",
  "pk": 59,
  "fields": {
    "question_text": "Which brand signed the biggest IPL sponsorship deal in 2025?",
    "option1": "Dream11",
    "option2": "Jio",
    "option3": "Swiggy",
    "option4": "PhonePe",
    "correct_option": 4,
    "difficulty": "hard",
    "created_at": "2025-07-19T10:16:52.554Z",
    "updated_at": "2025-07-19T10:16:52.554Z"
  }
},
{
  "model": "quiz.quizquestion",
  "pk": 60,
  "fields": {
    "question_text": "Who is the first Indian cricketer to play 150+ matches across all formats by age 25?",
    "option1": "Rishabh Pant",
    "option2": "Shubman Gill",
    "option3": "Ishan Kishan",
    "option4": "Prithvi Shaw",
    "correct_option": 2,
    "difficulty": "hard",
    "created_at": "2025-07-19T10:17:21.714Z",
    "updated_at": "2025-07-19T10:17:21.714Z"
  }
},
{
  "model": "quiz.quizquestion",
  "pk": 61,
  "fields": {
    "question_text": "Which bowler had the best bowling figures in IPL 2025 (single match)?",
    "option1": "Mohit Sharma",
    "option2": "Mayank Yadav",
    "option3": "Ravi Bishnoi",
    "option4": "Sandeep Sharma",
    "correct_option": 2,
    "difficulty": "hard",
    "created_at": "2025-07-19T10:17:50.898Z",
    "updated_at": "2025-07-19T10:17:50.898Z"
  }
},
{
  "model": "quiz.quizquestion",
  "pk": 62,
  "fields": {
    "question_text": "Who became the youngest woman to score 150+ in an ODI (2025)?",
    "option1": "Shafali Verma",
    "option2": "Jemimah Rodrigues",
    "option3": "Smriti Mandhana",
    "option4": "Alice Capsey",
    "correct_option": 1,
    "difficulty": "hard",
    "created_at": "2025-07-19T10:18:21.300Z",
    "updated_at": "2025-07-19T10:18:21.300Z"
  }
},
{
  "model": "quiz.quizquestion",
  "pk": 63,
  "fields": {
    "question_text": "Which cricketer launched a startup on athlete recovery funded on Shark Tank India S4?",
    "option1": "Shubman Gill",
    "option2": "Varun Chakravarthy",
    "option3": "Mohammed Siraj",
    "option4": "Washington Sundar",
    "correct_option": 4,
    "difficulty": "hard",
    "created_at": "2025-07-19T10:18:54.293Z",
    "updated_at": "2025-07-19T10:18:54.293Z"
  }
},
{
  "model": "quiz.quizquestion",
  "pk": 64,
  "fields": {
    "question_text": "Who has the most stumpings in IPL history as of 2025?",
    "option1": "Wriddhiman Saha",
    "option2": "Quinton de Kock",
    "option3": "MS Dhoni",
    "option4": "Dinesh Karthik",
    "correct_option": 3,
    "difficulty": "hard",
    "created_at": "2025-07-19T10:19:24.145Z",
    "updated_at": "2025-07-19T10:19:24.145Z"
  }
},
{
  "model": "quiz.quizquestion",
  "pk": 65,
  "fields": {
    "question_text": "Which team had the lowest run rate in IPL 2025?",
    "option1": "Punjab Kings",
    "option2": "Sunrisers Hyderabad",
    "option3": "Delhi Capitals",
    "option4": "Rajasthan Royals",
    "correct_option": 1,
    "difficulty": "hard",
    "created_at": "2025-07-19T10:19:52.422Z",
    "updated_at": "2025-07-19T10:19:52.422Z"
  }
},
{
  "model": "quiz.quizquestion",
  "pk": 66,
  "fields": {
    "question_text": "What is the average reaction time of a slip fielder in cricket?",
    "option1": "0.3 – 0.5 seconds",
    "option2": "1 – 2 seconds",
    "option3": "2 – 3 seconds",
    "option4": "0.1 – 0.2 seconds",
    "correct_option": 1,
    "difficulty": "hard",
    "created_at": "2025-07-19T10:20:25.541Z",
    "updated_at": "2025-07-19T10:20:25.541Z"
  }
},
{
  "model": "quiz.quizquestion",
  "pk": 67,
  "fields": {
    "question_text": "Who coached GT in IPL 2025 after Ashish Nehra stepped down?",
    "option1": "Gary Kirsten",
    "option2": "Ricky Ponting",
    "option3": "Justin Langer",
    "option4": "Rahul Dravid",
    "correct_option": 1,
    "difficulty": "hard",
    "created_at": "2025-07-19T10:20:56.073Z",
    "updated_at": "2025-07-19T10:20:56.073Z"
  }
},
{
  "model": "quiz.quizquestion",
  "pk": 68,
  "fields": {
    "question_text": "What was the rarest dismissal in IPL 2025?",
    "option1": "Timed Out",
    "option2": "Mankad",
    "option3": "Obstructing field",
    "option4": "Hit the helmet",
    "correct_option": 1,
    "difficulty": "hard",
    "created_at": "2025-07-19T10:21:26.046Z",
    "updated_at": "2025-07-19T10:21:26.046Z"
  }
},
{
  "model": "quiz.quizquestion",
  "pk": 69,
  "fields": {
    "question_text": "Which women’s cricketer retired from international cricket in early 2025?",
    "option1": "Jhulan Goswami",
    "option2": "Meg Lanning",
    "option3": "Mithali Raj",
    "option4": "Suzie Bates",
    "correct_option": 2,
    "difficulty": "hard",
    "created_at": "2025-07-19T10:21:57.140Z",
    "updated_at": "2025-07-19T10:21:57.140Z"
  }
},
{
  "model": "quiz.quizquestion",
  "pk": 70,
  "fields": {
    "question_text": "What’s the name of the analytics tech used by BCCI during IPL 2025?",
    "option1": "HawkEye",
    "option2": "SmartCrick",
    "option3": "AIStump™",
    "option4": "FastTrack",
    "correct_option": 3,
    "difficulty": "hard",
    "created_at": "2025-07-19T10:22:44.248Z",
    "updated_at": "2025-07-19T10:22:44.248Z"
  }
},
{
  "model": "quiz.quizquestion",
  "pk": 71,
  "fields": {
    "question_text": "Which franchise has never won an IPL title as of 2025?",
    "option1": "Lucknow Super Giants",
    "option2": "Sunrisers Hyderabad",
    "option3": "Rajasthan Royals",
    "option4": "Chennai Super Kings",
    "correct_option": 1,
    "difficulty": "hard",
    "created_at": "2025-07-19T10:23:34.687Z",
    "updated_at": "2025-07-19T10:23:34.687Z"
  }
},
{
  "model": "quiz.quizquestion",
  "pk": 72,
  "fields": {
    "question_text": "What is the name of India’s women’s cricket league started in 2023?",
    "option1": "Women’s Premier League",
    "option2": "Indian Women’s League",
    "option3": "Super Women League",
    "option4": "FemCrick",
    "correct_option": 1,
    "difficulty": "easy",
    "created_at": "2025-07-19T10:42:53.772Z",
    "updated_at": "2025-07-19T10:42:53.772Z"
  }
},
{
  "model": "quiz.quizquestion",
  "pk": 73,
  "fields": {
    "question_text": "How many runs is a ball called a \"wide\" worth?",
    "option1": "0",
    "option2": "1",
    "option3": "2",
    "option4": "5",
    "correct_option": 2,
    "difficulty": "easy",
    "created_at": "2025-07-19T10:43:14.396Z",
    "updated_at": "2025-07-19T10:43:14.396Z"
  }
},
{
  "model": "quiz.quizquestion",
  "pk": 74,
  "fields": {
    "question_text": "Which team is also called the “Yellow Army”?",
    "option1": "Gujarat Titans",
    "option2": "Delhi Capitals",
    "option3": "Chennai Super Kings",
    "option4": "Rajasthan Royals",
    "correct_option": 3,
    "difficulty": "easy",
    "created_at": "2025-07-19T10:43:41.853Z",
    "updated_at": "2025-07-19T10:43:41.853Z"
  }
},
{
  "model": "quiz.quizquestion",
  "pk": 75,
  "fields": {
    "question_text": "Who is the youngest IPL debutant of all time?",
    "option1": "Riyan Parag",
    "option2": "Sarfaraz Khan",
    "option3": "Prithvi Shaw",
    "option4": "Kamlesh Nagarkoti",
    "correct_option": 2,
    "difficulty": "easy",
    "created_at": "2025-07-19T10:44:11.907Z",
    "updated_at": "2025-07-19T10:44:11.907Z"
  }
},
{
  "model": "quiz.quizquestion",
  "pk": 76,
  "fields": {
    "question_text": "Which of these is not a fielding position?",
    "option1": "Gully",
    "option2": "Third Man",
    "option3": "Mid-On",
    "option4": "Goalie",
    "correct_option": 4,
    "difficulty": "easy",
    "created_at": "2025-07-19T10:44:37.918Z",
    "updated_at": "2025-07-19T10:44:37.918Z"
  }
},
{
  "model": "quiz.quizquestion",
  "pk": 77,
  "fields": {
    "question_text": "What is used to check close run-out decisions?",
    "option1": "Hotspot",
    "option2": "Snickometer",
    "option3": "Ball Tracker",
    "option4": "Third Umpire",
    "correct_option": 4,
    "difficulty": "easy",
    "created_at": "2025-07-19T10:45:27.051Z",
    "updated_at": "2025-07-19T10:45:27.051Z"
  }
},
{
  "model": "quiz.quizquestion",
  "pk": 78,
  "fields": {
    "question_text": "How many innings are there in a Test match?",
    "option1": "2",
    "option2": "4",
    "option3": "6",
    "option4": "1",
    "correct_option": 1,
    "difficulty": "easy",
    "created_at": "2025-07-19T10:45:50.936Z",
    "updated_at": "2025-07-19T10:45:50.936Z"
  }
},
{
  "model": "quiz.quizquestion",
  "pk": 79,
  "fields": {
    "question_text": "Which format is known for colored kits and white balls?",
    "option1": "Test",
    "option2": "ODI",
    "option3": "County",
    "option4": "Club",
    "correct_option": 2,
    "difficulty": "easy",
    "created_at": "2025-07-19T10:46:26.899Z",
    "updated_at": "2025-07-19T10:46:26.899Z"
  }
},
{
  "model": "quiz.quizquestion",
  "pk": 80,
  "fields": {
    "question_text": "Which of these trophies is NOT cricket-related?",
    "option1": "Ranji Trophy",
    "option2": "Santosh Trophy",
    "option3": "Duleep Trophy",
    "option4": "Vijay Hazare Trophy",
    "correct_option": 2,
    "difficulty": "easy",
    "created_at": "2025-07-19T10:47:05.323Z",
    "updated_at": "2025-07-19T10:47:05.323Z"
  }
},
{
  "model": "quiz.quizquestion",
  "pk": 81,
  "fields": {
    "question_text": "Who is called \"Mr. 360\" in world cricket?",
    "option1": "Virat Kohli",
    "option2": "Glenn Maxwell",
    "option3": "AB de Villiers",
    "option4": "David Warner",
    "correct_option": 3,
    "difficulty": "easy",
    "created_at": "2025-07-19T10:47:40.324Z",
    "updated_at": "2025-07-19T10:47:40.324Z"
  }
},
{
  "model": "quiz.quizquestion",
  "pk": 82,
  "fields": {
    "question_text": "Which Indian batter scored a ton on Test debut in 2023?",
    "option1": "Shubman Gill",
    "option2": "Sarfaraz Khan",
    "option3": "Yashasvi Jaiswal",
    "option4": "Ishan Kishan",
    "correct_option": 2,
    "difficulty": "medium",
    "created_at": "2025-07-19T10:48:17.577Z",
    "updated_at": "2025-07-19T10:48:17.577Z"
  }
},
{
  "model": "quiz.quizquestion",
  "pk": 83,
  "fields": {
    "question_text": "Who took the most catches (non-keeper) in IPL 2024?",
    "option1": "Virat Kohli",
    "option2": "Rinku Singh",
    "option3": "David Miller",
    "option4": "Ruturaj Gaikwad",
    "correct_option": 3,
    "difficulty": "medium",
    "created_at": "2025-07-19T10:48:49.155Z",
    "updated_at": "2025-07-19T10:48:49.155Z"
  }
},
{
  "model": "quiz.quizquestion",
  "pk": 84,
  "fields": {
    "question_text": "What’s the max number of bouncers allowed per over in ODIs?",
    "option1": "1",
    "option2": "2",
    "option3": "Unlimited",
    "option4": "None",
    "correct_option": 1,
    "difficulty": "medium",
    "created_at": "2025-07-19T10:49:14.664Z",
    "updated_at": "2025-07-19T10:49:14.664Z"
  }
},
{
  "model": "quiz.quizquestion",
  "pk": 85,
  "fields": {
    "question_text": "Which team did India defeat in a Super Over during the 2023 T20I series?",
    "option1": "New Zealand",
    "option2": "Australia",
    "option3": "England",
    "option4": "South Africa",
    "correct_option": 1,
    "difficulty": "medium",
    "created_at": "2025-07-19T10:49:48.276Z",
    "updated_at": "2025-07-19T10:49:48.276Z"
  }
},
{
  "model": "quiz.quizquestion",
  "pk": 86,
  "fields": {
    "question_text": "Who bowled the fastest ball of IPL 2024?",
    "option1": "Lockie Ferguson",
    "option2": "Anrich Nortje",
    "option3": "Mayank Yadav",
    "option4": "Umran Malik",
    "correct_option": 3,
    "difficulty": "medium",
    "created_at": "2025-07-19T10:50:23.790Z",
    "updated_at": "2025-07-19T10:50:23.790Z"
  }
},
{
  "model": "quiz.quizquestion",
  "pk": 87,
  "fields": {
    "question_text": "Which female cricketer has a double century in ODIs?",
    "option1": "Mithali Raj",
    "option2": "Alyssa Healy",
    "option3": "Smriti Mandhana",
    "option4": "Belinda Clark",
    "correct_option": 4,
    "difficulty": "medium",
    "created_at": "2025-07-19T10:50:52.996Z",
    "updated_at": "2025-07-19T10:50:52.996Z"
  }
},
{
  "model": "quiz.quizquestion",
  "pk": 88,
  "fields": {
    "question_text": "In which year was DRS (Decision Review System) officially introduced in Tests?",
    "option1": "2004",
    "option2": "2008",
    "option3": "2011",
    "option4": "2013",
    "correct_option": 2,
    "difficulty": "medium",
    "created_at": "2025-07-19T10:51:25.858Z",
    "updated_at": "2025-07-19T10:51:25.858Z"
  }
},
{
  "model": "quiz.quizquestion",
  "pk": 89,
  "fields": {
    "question_text": "Who was the highest wicket-taker in 2023 ODI World Cup?",
    "option1": "Mohammed Shami",
    "option2": "Adam Zampa",
    "option3": "Jasprit Bumrah",
    "option4": "Jasprit Bumrah",
    "correct_option": 1,
    "difficulty": "medium",
    "created_at": "2025-07-19T10:52:02.499Z",
    "updated_at": "2025-07-19T10:52:02.499Z"
  }
},
{
  "model": "quiz.quizquestion",
  "pk": 90,
  "fields": {
    "question_text": "What’s the term for 3 wickets in 3 balls?",
    "option1": "Triple Wicket",
    "option2": "Clean Sweep",
    "option3": "Hat-trick",
    "option4": "Golden Ball",
    "correct_option": 3,
    "difficulty": "medium",
    "created_at": "2025-07-19T10:52:30.157Z",
    "updated_at": "2025-07-19T10:52:30.157Z"
  }
},
{
  "model": "quiz.quizquestion",
  "pk": 91,
  "fields": {
    "question_text": "Who owns the record for most runs in Women’s ODIs?",
    "option1": "Suzie Bates",
    "option2": "Meg Lanning",
    "option3": "Mithali Raj",
    "option4": "Stafanie Taylor",
    "correct_option": 3,
    "difficulty": "medium",
    "created_at": "2025-07-19T10:53:05.744Z",
    "updated_at": "2025-07-19T10:53:05.744Z"
  }
},
{
  "model": "quiz.quizquestion",
  "pk": 92,
  "fields": {
    "question_text": "Who became the first bowler to take a T20I hat-trick in the 2024 T20 World Cup?",
    "option1": "Ravi Bishnoi",
    "option2": "Josh Little",
    "option3": "Naseem Shah",
    "option4": "Wanindu Hasaranga",
    "correct_option": 1,
    "difficulty": "hard",
    "created_at": "2025-07-19T10:53:42.654Z",
    "updated_at": "2025-07-19T10:53:42.654Z"
  }
},
{
  "model": "quiz.quizquestion",
  "pk": 93,
  "fields": {
    "question_text": "Which cricketer holds the highest career batting average in ODIs (min 50 inns)?",
    "option1": "Babar Azam",
    "option2": "Michael Bevan",
    "option3": "Virat Kohli",
    "option4": "Rassie van der Dussen",
    "correct_option": 4,
    "difficulty": "hard",
    "created_at": "2025-07-19T10:54:12.027Z",
    "updated_at": "2025-07-19T10:54:12.027Z"
  }
},
{
  "model": "quiz.quizquestion",
  "pk": 94,
  "fields": {
    "question_text": "What’s the minimum boundary size allowed in international cricket (as per ICC)?",
    "option1": "50 meters",
    "option2": "55 meters",
    "option3": "60 meters",
    "option4": "65 meters",
    "correct_option": 3,
    "difficulty": "hard",
    "created_at": "2025-07-19T10:54:41.186Z",
    "updated_at": "2025-07-19T10:54:41.186Z"
  }
},
{
  "model": "quiz.quizquestion",
  "pk": 95,
  "fields": {
    "question_text": "Which Indian domestic team won the Ranji Trophy 2023–24?",
    "option1": "Saurashtra",
    "option2": "Mumbai",
    "option3": "Vidarbha",
    "option4": "Karnataka",
    "correct_option": 2,
    "difficulty": "hard",
    "created_at": "2025-07-19T10:55:11.627Z",
    "updated_at": "2025-07-19T10:55:11.627Z"
  }
},
{
  "model": "quiz.quizquestion",
  "pk": 96,
  "fields": {
    "question_text": "Who was the leading run scorer in The Hundred 2024 (Men’s)?",
    "option1": "Jos Buttler",
    "option2": "Will Jacks",
    "option3": "Moeen Ali",
    "option4": "Ben Duckett",
    "correct_option": 2,
    "difficulty": "hard",
    "created_at": "2025-07-19T10:55:51.343Z",
    "updated_at": "2025-07-19T10:55:51.343Z"
  }
},
{
  "model": "quiz.quizquestion",
  "pk": 97,
  "fields": {
    "question_text": "Which country hosted the 2025 ICC U-19 World Cup?",
    "option1": "Bangladesh",
    "option2": "Sri Lanka",
    "option3": "India",
    "option4": "West Indies",
    "correct_option": 1,
    "difficulty": "hard",
    "created_at": "2025-07-19T10:56:29.144Z",
    "updated_at": "2025-07-19T10:56:29.144Z"
  }
},
{
  "model": "quiz.quizquestion",
  "pk": 98,
  "fields": {
    "question_text": "Which player won the Arjuna Award in 2024 for cricket?",
    "option1": "Shubman Gill",
    "option2": "Hardik Pandya",
    "option3": "Deepti Sharma",
    "option4": "Tilak Varma",
    "correct_option": 1,
    "difficulty": "hard",
    "created_at": "2025-07-19T10:57:03.535Z",
    "updated_at": "2025-07-19T10:57:03.535Z"
  }
},
{
  "model": "quiz.quizquestion",
  "pk": 99,
  "fields": {
    "question_text": "Who is the only bowler to take 4 wickets in 4 balls twice in T20Is?",
    "option1": "Rashid Khan",
    "option2": "Lasith Malinga",
    "option3": "Curtis Campher",
    "option4": "Deepak Chahar",
    "correct_option": 1,
    "difficulty": "hard",
    "created_at": "2025-07-19T10:57:34.023Z",
    "updated_at": "2025-07-19T10:57:34.023Z"
  }
},
{
  "model": "quiz.quizquestion",
  "pk": 100,
  "fields": {
    "question_text": "Which franchise had the worst net run rate in IPL 2025?",
    "option1": "PBKS",
    "option2": "DC",
    "option3": "KKR",
    "option4": "MI",
    "correct_option": 1,
    "difficulty": "hard",
    "created_at": "2025-07-19T10:58:01.495Z",
    "updated_at": "2025-07-19T10:58:01.495Z"
  }
},
{
  "model": "quiz.quizquestion",
  "pk": 101,
  "fields": {
    "question_text": "Which Indian umpire officiated in the 2025 WTC Final?",
    "option1": "Nitin Menon",
    "option2": "Anil Chaudhary",
    "option3": "Sundaram Ravi",
    "option4": "Chettithody Shamsuddin",
    "correct_option": 1,
    "difficulty": "hard",
    "created_at": "2025-07-19T10:58:35.169Z",
    "updated_at": "2025-07-19T10:58:35.169Z"
  }
},
{
  "model": "quiz.quizattempt",
  "pk": 163,
  "fields": {
    "user": 4,
    "score": 10,
    "total": 10,
    "difficulty": "easy",
    "time_taken": "00:00:26.960857",
    "attempted_at": "2025-07-21T18:00:25.300Z",
    "questions": []
  }
},
{
  "model": "quiz.quizattempt",
  "pk": 164,
  "fields": {
    "user": 4,
    "score": 9,
    "total": 10,
    "difficulty": "hard",
    "time_taken": "00:00:39.963912",
    "attempted_at": "2025-07-22T14:45:14.212Z",
    "questions": []
  }
},
{
  "model": "quiz.quizattempt",
  "pk": 165,
  "fields": {
    "user": 4,
    "score": 9,
    "total": 10,
    "difficulty": "N/A",
    "time_taken": null,
    "attempted_at": "2025-07-22T14:51:11.937Z",
    "questions": []
  }
},
{
  "model": "quiz.quizattempt",
  "pk": 166,
  "fields": {
    "user": 4,
    "score": 10,
    "total": 10,
    "difficulty": "easy",
    "time_taken": "00:00:33.762023",
    "attempted_at": "2025-07-22T14:57:00.178Z",
    "questions": []
  }
},
{
  "model": "quiz.quizattempt",
  "pk": 167,
  "fields": {
    "user": 4,
    "score": 9,
    "total": 10,
    "difficulty": "easy",
    "time_taken": "00:00:38.589291",
    "attempted_at": "2025-07-22T20:17:55.325Z",
    "questions": []
  }
},
{
  "model": "quiz.quizattempt",
  "pk": 168,
  "fields": {
    "user": 4,
    "score": 9,
    "total": 10,
    "difficulty": "hard",
    "time_taken": "00:00:36.388870",
    "attempted_at": "2025-07-22T20:19:00.906Z",
    "questions": []
  }
},
{
  "model": "quiz.quizattempt",
  "pk": 169,
  "fields": {
    "user": 4,
    "score": 10,
    "total": 10,
    "difficulty": "easy",
    "time_taken": "00:00:19.643020",
    "attempted_at": "2025-07-22T20:59:17.137Z",
    "questions": []
  }
},
{
  "model": "quiz.quizattempt",
  "pk": 170,
  "fields": {
    "user": 7,
    "score": 8,
    "total": 10,
    "difficulty": "easy",
    "time_taken": "00:01:06.510451",
    "attempted_at": "2025-07-23T20:14:08.518Z",
    "questions": []
  }
},
{
  "model": "quiz.quizattempt",
  "pk": 171,
  "fields": {
    "user": 2,
    "score": 10,
    "total": 10,
    "difficulty": "easy",
    "time_taken": "00:00:21.110650",
    "attempted_at": "2025-07-24T20:48:56.678Z",
    "questions": []
  }
},
{
  "model": "quiz.quizattempt",
  "pk": 172,
  "fields": {
    "user": 4,
    "score": 7,
    "total": 10,
    "difficulty": "easy",
    "time_taken": "00:02:29.063792",
    "attempted_at": "2025-07-28T14:37:53.059Z",
    "questions": []
  }
},
{
  "model": "quiz.quizattempt",
  "pk": 173,
  "fields": {
    "user": 4,
    "score": 5,
    "total": 10,
    "difficulty": "easy",
    "time_taken": "00:00:35.546194",
    "attempted_at": "2025-07-30T10:05:21.771Z",
    "questions": []
  }
},
{
  "model": "quiz.quizattempt",
  "pk": 174,
  "fields": {
    "user": 2,
    "score": 2,
    "total": 10,
    "difficulty": "hard",
    "time_taken": "00:00:13.049869",
    "attempted_at": "2025-07-31T15:51:33.805Z",
    "questions": []
  }
},
{
  "model": "quiz.quizattempt",
  "pk": 175,
  "fields": {
    "user": 4,
    "score": 9,
    "total": 10,
    "difficulty": "easy",
    "time_taken": "00:00:35.154142",
    "attempted_at": "2025-07-31T16:36:10.183Z",
    "questions": []
  }
},
{
  "model": "quiz.leaderboardprofile",
  "pk": 3,
  "fields": {
    "user": 6,
    "average_rating": 36.33,
    "last_rating": 36.33,
    "accuracy": 16.67,
    "quizzes_taken": 1,
    "last_updated": "2025-07-18T17:25:32.223Z"
  }
},
{
  "model": "quiz.leaderboardprofile",
  "pk": 4,
  "fields": {
    "user": 5,
    "average_rating": 36.33,
    "last_rating": 36.33,
    "accuracy": 16.67,
    "quizzes_taken": 1,
    "last_updated": "2025-07-18T17:29:57.251Z"
  }
},
{
  "model": "quiz.leaderboardprofile",
  "pk": 14,
  "fields": {
    "user": 4,
    "average_rating": 74.2,
    "last_rating": 0.0,
    "accuracy": 87.0,
    "quizzes_taken": 10,
    "last_updated": "2025-07-31T16:36:10.251Z"
  }
},
{
  "model": "quiz.leaderboardprofile",
  "pk": 15,
  "fields": {
    "user": 7,
    "average_rating": 65.67,
    "last_rating": 0.0,
    "accuracy": 80.0,
    "quizzes_taken": 1,
    "last_updated": "2025-07-23T20:14:08.562Z"
  }
},
{
  "model": "quiz.leaderboardprofile",
  "pk": 16,
  "fields": {
    "user": 2,
    "average_rating": 62.34,
    "last_rating": 0.0,
    "accuracy": 60.0,
    "quizzes_taken": 2,
    "last_updated": "2025-07-31T15:51:33.831Z"
  }
},
{
  "model": "accounts.customuser",
  "pk": 2,
  "fields": {
    "password": "pbkdf2_sha256$1000000$B7xuFHv8SdsaWcwvdzcRVS$/ANEEO/GC/WLl1UIWT9AFak+mKllvb6JI/HghqK/xq0=",
    "last_login": "2025-07-31T15:50:48.759Z",
    "is_superuser": true,
    "username": "jethalal",
    "first_name": "",
    "last_name": "",
    "email": "jethalal@gmail.com",
    "is_staff": true,
    "is_active": true,
    "nickname": "jethalal",
    "fav_ipl_team": "LSG",
    "quiz_attempts": 2,
    "highest_score": 10,
    "date_joined": "2025-07-16T10:15:02.024Z",
    "avatar": "avatars/0d4682b8b3ea9fdabee48e38660484ae.jpg",
    "groups": [],
    "user_permissions": []
  }
},
{
  "model": "accounts.customuser",
  "pk": 3,
  "fields": {
    "password": "pbkdf2_sha256$1000000$ZCBKzt5bMjvXumnhuP9rdH$M4FY2sSAcbGfYoyj2wDjn9eBPxr7yiGg5XFP2iFjA6M=",
    "last_login": "2025-07-23T10:05:57.204Z",
    "is_superuser": false,
    "username": "ansh",
    "first_name": "",
    "last_name": "",
    "email": "ansh@gmail.com",
    "is_staff": false,
    "is_active": true,
    "nickname": "ansh",
    "fav_ipl_team": "LSG",
    "quiz_attempts": 0,
    "highest_score": 0,
    "date_joined": "2025-07-16T10:23:37.061Z",
    "avatar": "",
    "groups": [],
    "user_permissions": []
  }
},
{
  "model": "accounts.customuser",
  "pk": 4,
  "fields": {
    "password": "pbkdf2_sha256$1000000$KKrcKLJ6cJm4fyjuq4NDGT$KNoiq76L4EKJifUghAxbYyhCsqK7J0G6Gze+7KYJqZc=",
    "last_login": "2025-08-05T19:50:13.936Z",
    "is_superuser": true,
    "username": "siddharth2512",
    "first_name": "",
    "last_name": "",
    "email": "shsheth2006@gmail.com",
    "is_staff": true,
    "is_active": true,
    "nickname": "sidhu2512",
    "fav_ipl_team": "GT",
    "quiz_attempts": 10,
    "highest_score": 10,
    "date_joined": "2025-07-17T15:13:22Z",
    "avatar": "avatars/IMG-20250608-WA00261.jpg",
    "groups": [],
    "user_permissions": []
  }
},
{
  "model": "accounts.customuser",
  "pk": 5,
  "fields": {
    "password": "pbkdf2_sha256$1000000$Z9JpMeyPinqlohvh8GLvlA$SR32rlH28ka6a5Vqnw7PzHKxMnIsfNvZMHLGNXm7ahI=",
    "last_login": "2025-07-18T17:29:34.199Z",
    "is_superuser": false,
    "username": "checking",
    "first_name": "",
    "last_name": "",
    "email": "nibbanibbi@gmail.com",
    "is_staff": false,
    "is_active": true,
    "nickname": "check",
    "fav_ipl_team": "CSK",
    "quiz_attempts": 1,
    "highest_score": 2,
    "date_joined": "2025-07-18T11:43:22.616Z",
    "avatar": "",
    "groups": [],
    "user_permissions": []
  }
},
{
  "model": "accounts.customuser",
  "pk": 6,
  "fields": {
    "password": "pbkdf2_sha256$1000000$fdxrk7n9MMhRe8xRb3A6g0$mzky6u//iyMFlEcjMOwidfeZdOTBsSEuA//jc1jxNn8=",
    "last_login": "2025-07-18T17:25:12.906Z",
    "is_superuser": false,
    "username": "dominators",
    "first_name": "",
    "last_name": "",
    "email": "dominators@gmail.com",
    "is_staff": false,
    "is_active": true,
    "nickname": "pass2025",
    "fav_ipl_team": "LSG",
    "quiz_attempts": 1,
    "highest_score": 2,
    "date_joined": "2025-07-18T17:25:11.559Z",
    "avatar": "",
    "groups": [],
    "user_permissions": []
  }
},
{
  "model": "accounts.customuser",
  "pk": 7,
  "fields": {
    "password": "pbkdf2_sha256$1000000$toJEB70a87NyHKihC4Thph$wCh6ykzgFembAGXniOfLTBURfF7IKDQN/+FdblDY4fI=",
    "last_login": "2025-07-27T17:27:59.899Z",
    "is_superuser": false,
    "username": "suraj",
    "first_name": "",
    "last_name": "",
    "email": "i24ai012@aid.svnit.ac.in",
    "is_staff": false,
    "is_active": true,
    "nickname": "suri",
    "fav_ipl_team": "CSK",
    "quiz_attempts": 1,
    "highest_score": 8,
    "date_joined": "2025-07-23T20:12:48.553Z",
    "avatar": "",
    "groups": [],
    "user_permissions": []
  }
},
{
  "model": "accounts.customuser",
  "pk": 8,
  "fields": {
    "password": "pbkdf2_sha256$1000000$yLnFpjLnoii6HvC0CSCqx1$ON1DjTC+DtiZjESPtb+dfc9mo6RYz9phrT/iVqzn0VY=",
    "last_login": "2025-07-24T06:15:03.980Z",
    "is_superuser": false,
    "username": "Pratham_2007",
    "first_name": "",
    "last_name": "",
    "email": "patadiyapratham98@gmail.com",
    "is_staff": false,
    "is_active": true,
    "nickname": "Pratham",
    "fav_ipl_team": "CSK",
    "quiz_attempts": 0,
    "highest_score": 0,
    "date_joined": "2025-07-24T06:03:51.299Z",
    "avatar": "avatars/pratham.jpg",
    "groups": [],
    "user_permissions": []
  }
},
{
  "model": "blogpage.post",
  "pk": 1,
  "fields": {
    "author_name": "siddharth2512",
    "team_name": "MI",
    "is_verified": true,
    "content": "hii",
    "created_at": "2025-07-22T18:46:20.021Z"
  }
},
{
  "model": "blogpage.post",
  "pk": 2,
  "fields": {
    "author_name": "siddharth2512",
    "team_name": "MI",
    "is_verified": true,
    "content": "we are dominators",
    "created_at": "2025-07-22T18:47:10.388Z"
  }
},
{
  "model": "blogpage.post",
  "pk": 3,
  "fields": {
    "author_name": "ansh",
    "team_name": "LSG",
    "is_verified": true,
    "content": "hi",
    "created_at": "2025-07-23T09:36:36.539Z"
  }
},
{
  "model": "blogpage.post",
  "pk": 4,
  "fields": {
    "author_name": "ansh",
    "team_name": "LSG",
    "is_verified": true,
    "content": "hello",
    "created_at": "2025-07-23T09:37:00.075Z"
  }
},
{
  "model": "blogpage.post",
  "pk": 5,
  "fields": {
    "author_name": "ansh",
    "team_name": "LSG",
    "is_verified": true,
    "content": "as",
    "created_at": "2025-07-23T10:03:22.115Z"
  }
},
{
  "model": "blogpage.post",
  "pk": 6,
  "fields": {
    "author_name": "Guest",
    "team_name": "Unknown",
    "is_verified": false,
    "content": "hello form guest",
    "created_at": "2025-07-23T10:03:44.732Z"
  }
},
{
  "model": "blogpage.post",
  "pk": 7,
  "fields": {
    "author_name": "ansh",
    "team_name": "LSG",
    "is_verified": true,
    "content": "hello from team",
    "created_at": "2025-07-23T10:04:21.144Z"
  }
},
{
  "model": "blogpage.post",
  "pk": 8,
  "fields": {
    "author_name": "ansh",
    "team_name": "LSG",
    "is_verified": true,
    "content": "a",
    "created_at": "2025-07-23T10:04:26.087Z"
  }
},
{
  "model": "blogpage.post",
  "pk": 9,
  "fields": {
    "author_name": "ansh",
    "team_name": "LSG",
    "is_verified": true,
    "content": "a",
    "created_at": "2025-07-23T10:04:46.766Z"
  }
},
{
  "model": "blogpage.post",
  "pk": 10,
  "fields": {
    "author_name": "ansh",
    "team_name": "LSG",
    "is_verified": true,
    "content": "hello",
    "created_at": "2025-07-23T10:06:18.685Z"
  }
},
{
  "model": "blogpage.post",
  "pk": 11,
  "fields": {
    "author_name": "ansh",
    "team_name": "LSG",
    "is_verified": true,
    "content": "hello",
    "created_at": "2025-07-23T11:02:00.568Z"
  }
},
{
  "model": "blogpage.post",
  "pk": 12,
  "fields": {
    "author_name": "ansh",
    "team_name": "LSG",
    "is_verified": true,
    "content": "ass",
    "created_at": "2025-07-23T11:03:01.047Z"
  }
},
{
  "model": "blogpage.post",
  "pk": 13,
  "fields": {
    "author_name": "ansh",
    "team_name": "LSG",
    "is_verified": true,
    "content": "hello",
    "created_at": "2025-07-23T11:03:52.109Z"
  }
},
{
  "model": "blogpage.post",
  "pk": 14,
  "fields": {
    "author_name": "ansh",
    "team_name": "LSG",
    "is_verified": true,
    "content": "fsd",
    "created_at": "2025-07-23T11:03:57.182Z"
  }
},
{
  "model": "blogpage.post",
  "pk": 15,
  "fields": {
    "author_name": "ansh",
    "team_name": "LSG",
    "is_verified": true,
    "content": "from fanwall",
    "created_at": "2025-07-23T11:04:07.519Z"
  }
},
{
  "model": "blogpage.post",
  "pk": 16,
  "fields": {
    "author_name": "ansh",
    "team_name": "LSG",
    "is_verified": true,
    "content": "hello",
    "created_at": "2025-07-24T07:53:05.318Z"
  }
},
{
  "model": "blogpage.post",
  "pk": 17,
  "fields": {
    "author_name": "jethalal",
    "team_name": "LSG",
    "is_verified": true,
    "content": "hey i am jethalal, posting from fan wall",
    "created_at": "2025-07-24T20:50:20.619Z"
  }
},
{
  "model": "blogpage.post",
  "pk": 18,
  "fields": {
    "author_name": "Guest",
    "team_name": "Unknown",
    "is_verified": false,
    "content": "Hi hello",
    "created_at": "2025-07-26T09:04:48.332Z"
  }
},
{
  "model": "blogpage.post",
  "pk": 19,
  "fields": {
    "author_name": "siddharth2512",
    "team_name": "RCB",
    "is_verified": true,
    "content": "Hey",
    "created_at": "2025-07-26T09:24:48.167Z"
  }
},
{
  "model": "blogpage.post",
  "pk": 20,
  "fields": {
    "author_name": "siddharth2512",
    "team_name": "RCB",
    "is_verified": true,
    "content": "Hey",
    "created_at": "2025-07-26T09:24:54.567Z"
  }
},
{
  "model": "blogpage.post",
  "pk": 21,
  "fields": {
    "author_name": "suraj",
    "team_name": "CSK",
    "is_verified": true,
    "content": "Hey",
    "created_at": "2025-07-27T17:32:26.759Z"
  }
},
{
  "model": "blogpage.post",
  "pk": 22,
  "fields": {
    "author_name": "suraj",
    "team_name": "CSK",
    "is_verified": true,
    "content": "Hello",
    "created_at": "2025-07-27T17:32:37.145Z"
  }
},
{
  "model": "blogpage.post",
  "pk": 23,
  "fields": {
    "author_name": "siddharth2512",
    "team_name": "GT",
    "is_verified": true,
    "content": "hello",
    "created_at": "2025-07-30T09:03:40.989Z"
  }
},
{
  "model": "blogpage.post",
  "pk": 24,
  "fields": {
    "author_name": "siddharth2512",
    "team_name": "GT",
    "is_verified": true,
    "content": "hi",
    "created_at": "2025-07-30T09:04:05.860Z"
  }
},
{
  "model": "blogpage.post",
  "pk": 25,
  "fields": {
    "author_name": "siddharth2512",
    "team_name": "GT",
    "is_verified": true,
    "content": "hello",
    "created_at": "2025-07-30T10:10:23.328Z"
  }
},
{
  "model": "blogpage.post",
  "pk": 26,
  "fields": {
    "author_name": "siddharth2512",
    "team_name": "GT",
    "is_verified": true,
    "content": "ok",
    "created_at": "2025-07-30T10:10:48.343Z"
  }
},
{
  "model": "blogpage.post",
  "pk": 27,
  "fields": {
    "author_name": "siddharth2512",
    "team_name": "MI",
    "is_verified": true,
    "content": "deploy hojaoo yaar...",
    "created_at": "2025-07-30T17:54:30.891Z"
  }
},
{
  "model": "blogpage.post",
  "pk": 28,
  "fields": {
    "author_name": "siddharth2512",
    "team_name": "GT",
    "is_verified": true,
    "content": "Hey, its live now🥳",
    "created_at": "2025-07-31T14:59:22.173Z"
  }
},
{
  "model": "blogpage.post",
  "pk": 29,
  "fields": {
    "author_name": "Guest",
    "team_name": "Unknown",
    "is_verified": false,
    "content": "hello everyone",
    "created_at": "2025-08-06T07:54:16.193Z"
  }
},
{
  "model": "achievements.achievement",
  "pk": 3,
  "fields": {
    "name": "First Blood",
    "description": "Completed your first ever quiz. The journey begins.",
    "icon": "💥"
  }
},
{
  "model": "achievements.achievement",
  "pk": 4,
  "fields": {
    "name": "Quiz Grinder",
    "description": "Attempted 5 quizzes. You're grinding hard.",
    "icon": "⚙️"
  }
},
{
  "model": "achievements.achievement",
  "pk": 5,
  "fields": {
    "name": "Quiz Addict",
    "description": "Took 20 quizzes. This is more than a hobby now.",
    "icon": "🤯"
  }
},
{
  "model": "achievements.achievement",
  "pk": 6,
  "fields": {
    "name": "Quiz Master",
    "description": "Scored 8 or more in a quiz. That’s elite accuracy.",
    "icon": "🎯"
  }
},
{
  "model": "achievements.achievement",
  "pk": 7,
  "fields": {
    "name": "Quiz God",
    "description": "Scored 10/10. Perfection achieved. Bow down.",
    "icon": "🏆"
  }
},
{
  "model": "achievements.achievement",
  "pk": 8,
  "fields": {
    "name": "Flop Show",
    "description": "Scored 0 in a quiz. Happens to the best. Maybe.",
    "icon": "🤡"
  }
},
{
  "model": "achievements.achievement",
  "pk": 9,
  "fields": {
    "name": "On Fire",
    "description": "3 high scores in a row. You’re hot right now.",
    "icon": "🔥"
  }
},
{
  "model": "achievements.achievement",
  "pk": 10,
  "fields": {
    "name": "Unstoppable",
    "description": "5 high scores in a row. Literally unbeatable.",
    "icon": "🚀"
  }
},
{
  "model": "achievements.achievement",
  "pk": 11,
  "fields": {
    "name": "Comeback King",
    "description": "Scored 10 after a bad quiz. That’s how you bounce.",
    "icon": "🧠"
  }
},
{
  "model": "achievements.achievement",
  "pk": 12,
  "fields": {
    "name": "Bounce Back",
    "description": "From failure to near-perfect. Resilience FTW.",
    "icon": "💪"
  }
},
{
  "model": "achievements.achievement",
  "pk": 13,
  "fields": {
    "name": "Easy Peasy",
    "description": "Completed 5 Easy quizzes. Farming points like a pro.",
    "icon": "🍬"
  }
},
{
  "model": "achievements.achievement",
  "pk": 14,
  "fields": {
    "name": "Tough Cookie",
    "description": "Survived 5 Hard quizzes. You’re built different.",
    "icon": "💀"
  }
},
{
  "model": "achievements.achievement",
  "pk": 15,
  "fields": {
    "name": "Never Give Up",
    "description": "Took 10+ quizzes with low scores — still going.",
    "icon": "🙌"
  }
},
{
  "model": "achievements.achievement",
  "pk": 16,
  "fields": {
    "name": "Leaderboard Debut",
    "description": "You’ve made it onto the leaderboard for the first time. Welcome to the game.",
    "icon": "🆕"
  }
},
{
  "model": "achievements.achievement",
  "pk": 17,
  "fields": {
    "name": "Top 10 Player",
    "description": "You've broken into the top 10 players. Now that’s elite company.",
    "icon": "🥇"
  }
},
{
  "model": "achievements.achievement",
  "pk": 18,
  "fields": {
    "name": "Climbing Fast",
    "description": "Climbed 5 or more positions since your last rank. You’re moving up quick.",
    "icon": "📈"
  }
},
{
  "model": "achievements.achievement",
  "pk": 19,
  "fields": {
    "name": "Consistent Performer",
    "description": "Maintained top 20 rank for 3 quizzes in a row. You’ve got serious stability.",
    "icon": "📊"
  }
},
{
  "model": "achievements.achievement",
  "pk": 20,
  "fields": {
    "name": "Rating Machine",
    "description": "Reached an average rating above 85. Efficiency meets excellence.",
    "icon": "⚙️"
  }
},
{
  "model": "achievements.userachievement",
  "pk": 46,
  "fields": {
    "user": 4,
    "achievement": 3,
    "date_awarded": "2025-07-20T16:46:04.682Z"
  }
},
{
  "model": "achievements.userachievement",
  "pk": 47,
  "fields": {
    "user": 4,
    "achievement": 6,
    "date_awarded": "2025-07-20T16:46:04.697Z"
  }
},
{
  "model": "achievements.userachievement",
  "pk": 48,
  "fields": {
    "user": 4,
    "achievement": 7,
    "date_awarded": "2025-07-20T16:46:04.711Z"
  }
},
{
  "model": "achievements.userachievement",
  "pk": 49,
  "fields": {
    "user": 4,
    "achievement": 17,
    "date_awarded": "2025-07-20T16:46:04.778Z"
  }
},
{
  "model": "achievements.userachievement",
  "pk": 50,
  "fields": {
    "user": 4,
    "achievement": 16,
    "date_awarded": "2025-07-20T16:46:04.804Z"
  }
},
{
  "model": "achievements.userachievement",
  "pk": 51,
  "fields": {
    "user": 4,
    "achievement": 9,
    "date_awarded": "2025-07-20T16:51:51.763Z"
  }
},
{
  "model": "achievements.userachievement",
  "pk": 53,
  "fields": {
    "user": 4,
    "achievement": 4,
    "date_awarded": "2025-07-20T16:55:15.540Z"
  }
},
{
  "model": "achievements.userachievement",
  "pk": 54,
  "fields": {
    "user": 4,
    "achievement": 10,
    "date_awarded": "2025-07-20T16:55:15.560Z"
  }
},
{
  "model": "achievements.userachievement",
  "pk": 55,
  "fields": {
    "user": 4,
    "achievement": 19,
    "date_awarded": "2025-07-20T16:55:15.610Z"
  }
},
{
  "model": "achievements.userachievement",
  "pk": 56,
  "fields": {
    "user": 2,
    "achievement": 3,
    "date_awarded": "2025-07-20T20:11:19.828Z"
  }
},
{
  "model": "achievements.userachievement",
  "pk": 57,
  "fields": {
    "user": 2,
    "achievement": 6,
    "date_awarded": "2025-07-20T20:11:19.849Z"
  }
},
{
  "model": "achievements.userachievement",
  "pk": 58,
  "fields": {
    "user": 2,
    "achievement": 7,
    "date_awarded": "2025-07-20T20:11:19.866Z"
  }
},
{
  "model": "achievements.userachievement",
  "pk": 59,
  "fields": {
    "user": 2,
    "achievement": 17,
    "date_awarded": "2025-07-20T20:11:19.947Z"
  }
},
{
  "model": "achievements.userachievement",
  "pk": 60,
  "fields": {
    "user": 2,
    "achievement": 16,
    "date_awarded": "2025-07-20T20:11:19.969Z"
  }
},
{
  "model": "achievements.userachievement",
  "pk": 61,
  "fields": {
    "user": 4,
    "achievement": 20,
    "date_awarded": "2025-07-22T20:19:01.007Z"
  }
},
{
  "model": "achievements.userachievement",
  "pk": 62,
  "fields": {
    "user": 7,
    "achievement": 3,
    "date_awarded": "2025-07-23T20:14:08.531Z"
  }
},
{
  "model": "achievements.userachievement",
  "pk": 63,
  "fields": {
    "user": 7,
    "achievement": 6,
    "date_awarded": "2025-07-23T20:14:08.540Z"
  }
},
{
  "model": "achievements.userachievement",
  "pk": 64,
  "fields": {
    "user": 7,
    "achievement": 17,
    "date_awarded": "2025-07-23T20:14:08.577Z"
  }
},
{
  "model": "achievements.userachievement",
  "pk": 65,
  "fields": {
    "user": 7,
    "achievement": 16,
    "date_awarded": "2025-07-23T20:14:08.585Z"
  }
},
{
  "model": "sites.site",
  "pk": 1,
  "fields": {
    "domain": "example.com",
    "name": "example.com"
  }
}
]
